SEASON_ID,Player_ID,Game_ID,GAME_DATE,MATCHUP,WL,MIN,FGM,FGA,FG_PCT,FG3M,FG3A,FG3_PCT,FTM,FTA,FT_PCT,OREB,DREB,REB,AST,STL,BLK,TOV,PF,PTS,PLUS_MINUS,VIDEO_AVAILABLE,PLAYER_NAME
22025,203500,22500001,2025-10-21,HOU @ OKC,L,37,1,4,0.25,0,0,0.0,2,2,1.0,5,8,13,3,0,0,3,4,4,2,1,Steven Adams
22025,203500,22500093,2025-10-24,HOU vs. DET,L,25,4,4,1.0,0,0,0.0,3,4,0.75,6,4,10,0,3,0,1,2,11,-4,1,Steven Adams
22025,203500,22500116,2025-10-27,HOU vs. BKN,W,16,0,1,0.0,0,0,0.0,4,4,1.0,5,3,8,1,0,1,1,1,4,20,1,Steven Adams
22025,203500,22500131,2025-10-29,HOU @ TOR,W,20,5,6,0.833,0,0,0.0,2,2,1.0,8,4,12,2,1,1,1,3,12,14,1,Steven Adams
22025,203500,22500146,2025-11-01,HOU @ BOS,W,14,2,3,0.667,0,0,0.0,0,0,0.0,3,2,5,3,0,0,1,1,4,13,1,Steven Adams
22025,203500,22500160,2025-11-03,HOU vs. DAL,W,23,2,3,0.667,0,0,0.0,0,2,0.0,3,6,9,1,2,2,1,3,4,6,1,Steven Adams
22025,203500,22500032,2025-11-07,HOU @ SAS,L,20,1,4,0.25,0,0,0.0,1,1,1.0,3,5,8,1,1,0,0,2,3,-7,1,Steven Adams
22025,203500,22500191,2025-11-09,HOU @ MIL,W,22,5,7,0.714,0,0,0.0,2,2,1.0,5,1,6,1,0,0,1,2,12,-3,1,Steven Adams
22025,203500,22500218,2025-11-12,HOU vs. WAS,W,17,2,5,0.4,0,0,0.0,1,2,0.5,5,3,8,4,0,2,1,2,5,21,1,Steven Adams
22025,203500,22500042,2025-11-14,HOU vs. POR,W,18,2,4,0.5,0,0,0.0,1,2,0.5,5,6,11,0,1,2,0,1,5,22,1,Steven Adams
22025,203500,22500236,2025-11-16,HOU vs. ORL,W,27,1,8,0.125,0,0,0.0,1,2,0.5,8,5,13,0,0,0,2,3,3,-2,1,Steven Adams
22025,203500,22500255,2025-11-19,HOU @ CLE,W,28,2,6,0.333,0,0,0.0,2,2,1.0,6,5,11,3,0,1,2,2,6,6,1,Steven Adams
22025,203500,22500054,2025-11-21,HOU vs. DEN,L,23,2,2,1.0,0,0,0.0,1,3,0.333,5,3,8,2,0,0,1,1,5,14,1,Steven Adams
22025,203500,22500290,2025-11-24,HOU @ PHX,W,16,2,4,0.5,0,0,0.0,2,2,1.0,3,4,7,0,1,0,0,2,6,6,1,Steven Adams
22025,203500,22500301,2025-11-30,HOU @ UTA,W,17,2,4,0.5,0,0,0.0,9,10,0.9,4,8,12,2,1,1,0,0,13,24,1,Steven Adams
22025,203500,22500330,2025-12-03,HOU vs. SAC,W,18,5,6,0.833,0,0,0.0,1,2,0.5,5,3,8,0,0,2,3,0,11,7,1,Steven Adams
22025,203500,22500346,2025-12-05,HOU vs. PHX,W,30,2,4,0.5,0,0,0.0,0,0,0.0,3,5,8,3,2,1,1,5,4,18,1,Steven Adams
22025,203500,22501205,2025-12-11,HOU vs. LAC,W,18,2,4,0.5,0,0,0.0,0,0,0.0,3,3,6,2,2,0,1,0,4,10,1,Steven Adams
22025,203500,22501225,2025-12-15,HOU @ DEN,L,16,1,1,1.0,0,0,0.0,1,2,0.5,0,0,0,0,0,0,1,3,3,-8,1,Steven Adams
22025,203500,22500375,2025-12-18,HOU @ NOP,L,28,2,10,0.2,0,0,0.0,2,5,0.4,6,4,10,3,1,1,1,3,6,3,1,Steven Adams
22025,203500,22500386,2025-12-20,HOU @ DEN,W,25,0,4,0.0,0,0,0.0,1,2,0.5,5,7,12,0,0,0,0,1,1,-10,1,Steven Adams
22025,203500,22500422,2025-12-23,HOU @ LAC,L,14,1,3,0.333,0,0,0.0,0,0,0.0,1,3,4,1,0,0,1,1,2,-5,1,Steven Adams
22025,203500,22500012,2025-12-25,HOU @ LAL,W,26,2,3,0.667,0,0,0.0,0,0,0.0,4,5,9,2,0,0,1,0,4,-4,1,Steven Adams
22025,203500,22500438,2025-12-27,HOU vs. CLE,W,22,3,6,0.5,0,0,0.0,3,6,0.5,5,3,8,1,2,0,3,0,9,26,1,Steven Adams
22025,203500,22500453,2025-12-29,HOU vs. IND,W,22,3,4,0.75,0,0,0.0,2,6,0.333,3,2,5,0,0,0,0,2,8,17,1,Steven Adams
22025,203500,22500505,2026-01-05,HOU vs. PHX,W,31,4,7,0.571,0,0,0.0,0,4,0.0,6,5,11,2,1,0,2,1,8,7,1,Steven Adams
22025,203500,22500527,2026-01-07,HOU @ POR,L,30,3,6,0.5,0,0,0.0,1,2,0.5,6,5,11,4,2,2,2,3,7,3,1,Steven Adams
22025,203500,22500540,2026-01-09,HOU @ POR,L,33,2,2,1.0,0,0,0.0,1,4,0.25,6,3,9,3,0,1,1,2,5,-14,1,Steven Adams
22025,203500,22500557,2026-01-11,HOU @ SAC,L,24,0,0,0.0,0,0,0.0,3,4,0.75,4,2,6,1,0,1,2,2,3,0,1,Steven Adams
22025,203500,22500565,2026-01-13,HOU vs. CHI,W,18,2,5,0.4,0,0,0.0,0,2,0.0,3,4,7,1,2,0,0,2,4,9,1,Steven Adams
22025,203500,22500581,2026-01-15,HOU vs. OKC,L,25,3,6,0.5,0,0,0.0,0,0,0.0,6,5,11,0,0,2,0,0,6,-7,1,Steven Adams
22025,203500,22500604,2026-01-18,HOU vs. NOP,W,27,2,3,0.667,0,0,0.0,1,2,0.5,5,5,10,2,0,0,1,1,5,10,1,Steven Adams
22025,1628386,22500003,2025-10-22,CLE @ NYK,L,28,1,4,0.25,0,0,0.0,2,4,0.5,0,4,4,1,2,0,1,0,4,-4,1,Jarrett Allen
22025,1628386,22500091,2025-10-24,CLE @ BKN,W,30,8,11,0.727,0,1,0.0,6,9,0.667,2,5,7,4,2,1,2,2,22,24,1,Jarrett Allen
22025,1628386,22500107,2025-10-26,CLE vs. MIL,W,26,3,6,0.5,0,0,0.0,2,2,1.0,2,9,11,1,1,0,1,2,8,12,1,Jarrett Allen
22025,1628386,22500007,2025-10-27,CLE @ DET,W,25,7,12,0.583,0,0,0.0,6,7,0.857,2,5,7,2,1,0,3,3,20,18,1,Jarrett Allen
22025,1628386,22500128,2025-10-29,CLE @ BOS,L,25,4,7,0.571,0,0,0.0,8,8,1.0,2,4,6,1,1,1,1,1,16,-4,1,Jarrett Allen
22025,1628386,22500171,2025-11-05,CLE vs. PHI,W,30,11,17,0.647,0,2,0.0,2,2,1.0,3,7,10,1,3,3,0,2,24,24,1,Jarrett Allen
22025,1628386,22500029,2025-11-07,CLE @ WAS,W,26,7,13,0.538,0,0,0.0,2,4,0.5,8,6,14,3,2,1,1,2,16,27,1,Jarrett Allen
22025,1628386,22500186,2025-11-08,CLE vs. CHI,W,25,4,8,0.5,0,0,0.0,3,6,0.5,2,1,3,2,1,2,2,2,11,3,1,Jarrett Allen
22025,1628386,22500201,2025-11-10,CLE @ MIA,L,21,6,9,0.667,0,0,0.0,2,3,0.667,3,4,7,2,0,1,3,0,14,8,1,Jarrett Allen
22025,1628386,22500217,2025-11-12,CLE @ MIA,W,27,12,20,0.6,0,1,0.0,6,7,0.857,2,8,10,2,0,0,1,0,30,2,1,Jarrett Allen
22025,1628386,22500225,2025-11-13,CLE vs. TOR,L,21,3,6,0.5,0,0,0.0,0,0,0.0,2,6,8,0,1,1,2,2,6,-6,1,Jarrett Allen
22025,1628386,22500228,2025-11-15,CLE vs. MEM,W,26,5,8,0.625,0,0,0.0,6,8,0.75,1,5,6,2,0,1,2,2,16,1,1,Jarrett Allen
22025,1628386,22500241,2025-11-17,CLE vs. MIL,W,25,4,7,0.571,0,0,0.0,4,4,1.0,2,4,6,2,0,1,2,0,12,0,1,Jarrett Allen
22025,1628386,22500255,2025-11-19,CLE vs. HOU,L,28,4,9,0.444,0,0,0.0,0,0,0.0,2,5,7,3,1,0,1,3,8,-9,1,Jarrett Allen
22025,1628386,22500069,2025-11-28,CLE @ ATL,L,28,3,6,0.5,0,0,0.0,2,2,1.0,3,5,8,1,0,1,2,1,8,-18,1,Jarrett Allen
22025,1628386,22501218,2025-12-14,CLE vs. CHA,L,23,3,8,0.375,0,0,0.0,3,5,0.6,1,2,3,1,0,0,1,2,9,-5,1,Jarrett Allen
22025,1628386,22500367,2025-12-17,CLE @ CHI,L,28,7,9,0.778,0,0,0.0,0,0,0.0,0,6,6,3,1,2,2,1,14,-13,1,Jarrett Allen
22025,1628386,22500384,2025-12-19,CLE vs. CHI,L,30,6,9,0.667,0,0,0.0,2,2,1.0,4,8,12,5,2,1,1,2,14,-8,1,Jarrett Allen
22025,1628386,22500402,2025-12-22,CLE vs. CHA,W,20,4,4,1.0,0,0,0.0,4,4,1.0,1,4,5,2,1,2,2,4,12,4,1,Jarrett Allen
22025,1628386,22500412,2025-12-23,CLE vs. NOP,W,26,6,9,0.667,1,1,1.0,1,2,0.5,1,8,9,3,0,0,1,4,14,15,1,Jarrett Allen
22025,1628386,22500009,2025-12-25,CLE @ NYK,L,23,3,4,0.75,0,0,0.0,1,2,0.5,2,6,8,2,0,0,2,3,7,-3,1,Jarrett Allen
22025,1628386,22500438,2025-12-27,CLE @ HOU,L,18,3,3,1.0,0,0,0.0,0,0,0.0,1,3,4,2,2,1,2,2,6,-5,1,Jarrett Allen
22025,1628386,22500456,2025-12-29,CLE @ SAS,W,28,11,21,0.524,0,1,0.0,5,7,0.714,2,8,10,0,2,0,2,4,27,9,1,Jarrett Allen
22025,1628386,22500465,2025-12-31,CLE vs. PHX,W,27,7,12,0.583,0,0,0.0,2,2,1.0,3,8,11,3,0,0,2,0,16,18,1,Jarrett Allen
22025,1628386,22500478,2026-01-02,CLE vs. DEN,W,30,3,5,0.6,0,0,0.0,2,2,1.0,0,12,12,3,1,1,2,1,8,12,1,Jarrett Allen
22025,1628386,22500510,2026-01-06,CLE @ IND,W,34,8,13,0.615,0,1,0.0,3,6,0.5,3,9,12,4,2,0,2,3,19,3,1,Jarrett Allen
22025,1628386,22500530,2026-01-08,CLE @ MIN,L,30,5,9,0.556,0,0,0.0,1,2,0.5,2,8,10,1,2,0,0,1,11,-29,1,Jarrett Allen
22025,1628386,22500542,2026-01-10,CLE vs. MIN,W,28,6,10,0.6,0,0,0.0,4,5,0.8,4,7,11,4,1,1,0,3,16,22,1,Jarrett Allen
22025,1628386,22500558,2026-01-12,CLE vs. UTA,L,32,3,7,0.429,0,0,0.0,2,2,1.0,2,2,4,3,1,0,2,1,8,-6,1,Jarrett Allen
22025,1628386,22500572,2026-01-14,CLE @ PHI,W,26,5,6,0.833,0,0,0.0,0,1,0.0,2,3,5,2,0,0,2,3,10,16,1,Jarrett Allen
22025,1628386,22500589,2026-01-16,CLE @ PHI,W,33,4,6,0.667,0,0,0.0,2,2,1.0,2,5,7,1,1,0,2,4,10,5,1,Jarrett Allen
22025,1628386,22500015,2026-01-19,CLE vs. OKC,L,29,4,8,0.5,0,0,0.0,8,10,0.8,5,4,9,1,0,3,1,0,16,-31,1,Jarrett Allen
22025,1628386,22500620,2026-01-21,CLE @ CHA,W,35,4,8,0.5,0,0,0.0,5,6,0.833,1,8,9,0,0,2,1,1,13,-3,1,Jarrett Allen
22025,1628386,22500638,2026-01-23,CLE vs. SAC,W,34,3,6,0.5,0,0,0.0,9,10,0.9,4,5,9,0,2,1,0,2,15,7,1,Jarrett Allen
22025,1628386,22500646,2026-01-24,CLE @ ORL,W,25,3,5,0.6,0,1,0.0,2,2,1.0,1,5,6,1,3,2,2,4,8,7,1,Jarrett Allen
22025,1628386,22500658,2026-01-26,CLE vs. ORL,W,33,4,6,0.667,0,0,0.0,1,3,0.333,0,4,4,1,0,0,0,2,9,18,1,Jarrett Allen
22025,1628386,22500671,2026-01-28,CLE vs. LAL,W,24,8,11,0.727,0,0,0.0,1,2,0.5,2,7,9,2,1,0,2,1,17,24,1,Jarrett Allen
22025,1628386,22500693,2026-01-30,CLE @ PHX,L,23,6,9,0.667,0,0,0.0,0,0,0.0,5,2,7,3,1,1,1,2,12,-27,1,Jarrett Allen
22025,1628386,22500710,2026-02-01,CLE @ POR,W,30,16,23,0.696,0,1,0.0,8,12,0.667,6,11,17,5,2,4,0,0,40,25,1,Jarrett Allen
22025,1628386,22500732,2026-02-04,CLE @ LAC,W,23,5,8,0.625,0,0,0.0,0,2,0.0,3,8,11,3,2,1,0,0,10,20,1,Jarrett Allen
22025,1628386,22500756,2026-02-07,CLE @ SAC,W,33,11,12,0.917,0,0,0.0,7,8,0.875,1,9,10,1,0,0,1,0,29,-18,1,Jarrett Allen
22025,1628386,22500767,2026-02-09,CLE @ DEN,W,35,10,16,0.625,0,0,0.0,2,4,0.5,4,9,13,1,0,0,0,5,22,8,1,Jarrett Allen
22025,1628386,22500776,2026-02-11,CLE vs. WAS,W,27,8,8,1.0,0,0,0.0,5,6,0.833,3,6,9,1,0,2,2,1,21,25,1,Jarrett Allen
22025,1628386,22500793,2026-02-19,CLE vs. BKN,W,24,5,8,0.625,0,1,0.0,5,10,0.5,2,8,10,1,1,2,0,2,15,31,1,Jarrett Allen
22025,1628386,22500802,2026-02-20,CLE @ CHA,W,32,11,15,0.733,0,0,0.0,4,5,0.8,7,7,14,2,0,1,1,0,26,-2,1,Jarrett Allen
22025,1628386,22500817,2026-02-22,CLE @ OKC,L,29,4,6,0.667,0,0,0.0,3,6,0.5,6,7,13,2,1,0,3,1,11,-15,1,Jarrett Allen
22025,1628386,22500835,2026-02-24,CLE vs. NYK,W,29,7,8,0.875,0,0,0.0,5,7,0.714,4,6,10,1,1,2,1,2,19,11,1,Jarrett Allen
22025,1628386,22500846,2026-02-25,CLE @ MIL,L,32,10,15,0.667,0,0,0.0,7,8,0.875,6,5,11,1,2,1,1,0,27,-10,1,Jarrett Allen
22025,1628386,22500858,2026-02-27,CLE @ DET,L,31,10,12,0.833,0,0,0.0,5,8,0.625,4,5,9,4,0,1,1,6,25,-9,1,Jarrett Allen
22025,1628386,22500869,2026-03-01,CLE @ BKN,W,32,7,12,0.583,0,0,0.0,6,8,0.75,2,4,6,1,2,0,2,1,20,5,1,Jarrett Allen
22025,1628386,22500884,2026-03-03,CLE vs. DET,W,21,4,7,0.571,0,0,0.0,0,2,0.0,1,2,3,0,1,0,1,2,8,-3,1,Jarrett Allen
22025,1628386,22501068,2026-03-27,CLE vs. MIA,W,18,8,10,0.8,0,0,0.0,2,2,1.0,2,8,10,0,0,1,0,1,18,18,1,Jarrett Allen
22025,1628386,22501103,2026-03-31,CLE @ LAL,L,19,9,11,0.818,0,0,0.0,0,2,0.0,2,2,4,2,1,0,1,2,18,-7,1,Jarrett Allen
22025,1628386,22501117,2026-04-02,CLE @ GSW,W,24,5,10,0.5,0,0,0.0,6,12,0.5,3,10,13,0,1,0,0,0,16,12,1,Jarrett Allen
22025,1628386,22501145,2026-04-06,CLE @ MEM,W,25,5,7,0.714,0,0,0.0,3,5,0.6,2,7,9,1,1,2,2,0,13,11,1,Jarrett Allen
22025,1628386,22501158,2026-04-08,CLE vs. ATL,W,29,4,9,0.444,0,0,0.0,8,11,0.727,2,6,8,0,2,0,3,0,16,3,1,Jarrett Allen
22025,1628389,22500081,2025-10-22,MIA @ ORL,L,34,4,13,0.308,1,5,0.2,6,7,0.857,3,9,12,2,0,0,4,3,15,-2,1,Bam Adebayo
22025,1628389,22500094,2025-10-24,MIA @ MEM,W,28,8,19,0.421,4,8,0.5,4,4,1.0,1,4,5,4,1,0,1,2,24,25,1,Bam Adebayo
22025,1628389,22500108,2025-10-26,MIA vs. NYK,W,38,5,15,0.333,1,5,0.2,8,8,1.0,1,12,13,3,1,0,6,1,19,10,1,Bam Adebayo
22025,1628389,22500124,2025-10-28,MIA vs. CHA,W,30,10,16,0.625,3,5,0.6,3,4,0.75,1,5,6,2,0,0,1,2,26,29,1,Bam Adebayo
22025,1628389,22500141,2025-10-30,MIA @ SAS,L,37,12,27,0.444,4,13,0.308,3,4,0.75,1,9,10,3,1,1,2,2,31,7,1,Bam Adebayo
22025,1628389,22500155,2025-11-02,MIA @ LAL,L,36,6,11,0.545,1,5,0.2,4,4,1.0,1,7,8,5,3,1,0,1,17,-13,1,Bam Adebayo
22025,1628389,22500164,2025-11-03,MIA @ LAC,W,30,10,18,0.556,2,4,0.5,3,5,0.6,0,10,10,4,2,0,2,1,25,2,1,Bam Adebayo
22025,1628389,22500178,2025-11-05,MIA @ DEN,L,8,1,5,0.2,0,2,0.0,0,0,0.0,0,1,1,0,0,0,0,1,2,4,1,Bam Adebayo
22025,1628389,22500257,2025-11-19,MIA vs. GSW,W,29,7,13,0.538,3,4,0.75,3,3,1.0,1,6,7,3,1,2,1,1,20,15,1,Bam Adebayo
22025,1628389,22500051,2025-11-21,MIA @ CHI,W,29,4,11,0.364,2,5,0.4,8,10,0.8,1,6,7,5,0,3,1,3,18,24,1,Bam Adebayo
22025,1628389,22500275,2025-11-23,MIA @ PHI,W,33,7,14,0.5,1,4,0.25,3,4,0.75,3,10,13,1,1,0,2,1,18,4,1,Bam Adebayo
22025,1628389,22500286,2025-11-24,MIA vs. DAL,W,29,5,13,0.385,0,3,0.0,7,11,0.636,3,3,6,1,1,2,2,1,17,-16,1,Bam Adebayo
22025,1628389,22500062,2025-11-26,MIA vs. MIL,W,29,7,16,0.438,1,5,0.2,2,2,1.0,0,11,11,2,0,1,1,0,17,-11,1,Bam Adebayo
22025,1628389,22500296,2025-11-29,MIA vs. DET,L,33,5,9,0.556,1,2,0.5,4,6,0.667,2,8,10,1,2,1,3,1,15,14,1,Bam Adebayo
22025,1628389,22500313,2025-12-01,MIA vs. LAC,W,32,10,17,0.588,5,8,0.625,2,2,1.0,3,11,14,3,2,2,1,0,27,33,1,Bam Adebayo
22025,1628389,22500332,2025-12-03,MIA @ DAL,L,28,10,19,0.526,1,6,0.167,0,0,0.0,1,6,7,1,1,0,1,1,21,-6,1,Bam Adebayo
22025,1628389,22500339,2025-12-05,MIA @ ORL,L,40,9,15,0.6,2,4,0.5,4,6,0.667,2,13,15,3,2,2,5,2,24,3,1,Bam Adebayo
22025,1628389,22500354,2025-12-06,MIA vs. SAC,L,25,4,9,0.444,0,3,0.0,1,2,0.5,2,5,7,3,0,0,0,0,9,-17,1,Bam Adebayo
22025,1628389,22501201,2025-12-09,MIA @ ORL,L,36,7,14,0.5,0,3,0.0,5,6,0.833,1,7,8,2,1,3,0,1,19,6,1,Bam Adebayo
22025,1628389,22501227,2025-12-15,MIA vs. TOR,L,33,7,13,0.538,1,3,0.333,5,8,0.625,0,10,10,2,1,0,2,2,20,-5,1,Bam Adebayo
22025,1628389,22500373,2025-12-18,MIA @ BKN,W,31,4,13,0.308,0,2,0.0,0,2,0.0,2,15,17,1,1,3,3,5,8,12,1,Bam Adebayo
22025,1628389,22500381,2025-12-19,MIA @ BOS,L,36,6,13,0.462,0,1,0.0,4,6,0.667,4,6,10,4,1,0,3,5,16,-15,1,Bam Adebayo
22025,1628389,22500398,2025-12-21,MIA @ NYK,L,34,4,11,0.364,0,3,0.0,6,7,0.857,3,6,9,0,0,0,3,3,14,-5,1,Bam Adebayo
22025,1628389,22500414,2025-12-23,MIA vs. TOR,L,34,4,11,0.364,0,2,0.0,1,3,0.333,1,11,12,3,2,0,1,2,9,-16,1,Bam Adebayo
22025,1628389,22500450,2025-12-29,MIA vs. DEN,W,21,5,10,0.5,1,2,0.5,2,2,1.0,3,7,10,4,1,0,2,3,13,3,1,Bam Adebayo
22025,1628389,22500472,2026-01-01,MIA @ DET,W,33,5,14,0.357,1,2,0.5,4,4,1.0,3,11,14,0,2,1,1,2,15,17,1,Bam Adebayo
22025,1628389,22500486,2026-01-03,MIA vs. MIN,L,34,5,13,0.385,1,3,0.333,1,2,0.5,2,7,9,4,0,1,4,2,12,-9,1,Bam Adebayo
22025,1628389,22500497,2026-01-04,MIA vs. NOP,W,29,5,14,0.357,1,3,0.333,1,1,1.0,1,5,6,6,1,1,1,1,12,23,1,Bam Adebayo
22025,1628389,22500513,2026-01-06,MIA @ MIN,L,28,3,11,0.273,1,2,0.5,0,0,0.0,2,9,11,3,0,0,1,0,7,-6,1,Bam Adebayo
22025,1628389,22500543,2026-01-10,MIA @ IND,L,25,5,12,0.417,0,2,0.0,3,3,1.0,2,7,9,2,0,0,2,1,13,-23,1,Bam Adebayo
22025,1628389,22500553,2026-01-11,MIA @ OKC,L,32,3,10,0.3,0,1,0.0,0,2,0.0,1,13,14,4,1,1,2,3,6,-9,1,Bam Adebayo
22025,1628389,22500564,2026-01-13,MIA vs. PHX,W,32,11,15,0.733,4,6,0.667,3,4,0.75,3,6,9,4,2,1,1,3,29,9,1,Bam Adebayo
22025,1628389,22500580,2026-01-15,MIA vs. BOS,L,33,8,19,0.421,3,7,0.429,3,4,0.75,3,1,4,5,0,0,1,3,22,13,1,Bam Adebayo
22025,1628389,22500597,2026-01-17,MIA vs. OKC,W,32,9,22,0.409,6,10,0.6,6,6,1.0,6,6,12,4,1,0,1,2,30,11,1,Bam Adebayo
22025,1628389,22500612,2026-01-19,MIA @ GSW,L,26,1,13,0.077,0,5,0.0,2,2,1.0,5,7,12,3,0,0,1,0,4,-20,1,Bam Adebayo
22025,1628389,22500619,2026-01-20,MIA @ SAC,W,30,8,15,0.533,4,5,0.8,5,7,0.714,0,7,7,5,1,1,1,1,25,13,1,Bam Adebayo
22025,1628389,22500634,2026-01-22,MIA @ POR,L,37,13,24,0.542,1,7,0.143,5,5,1.0,3,7,10,2,3,1,3,0,32,-6,1,Bam Adebayo
22025,1628389,22500649,2026-01-24,MIA @ UTA,W,31,8,19,0.421,4,10,0.4,6,6,1.0,7,8,15,2,0,1,3,1,26,19,1,Bam Adebayo
22025,1628389,22500655,2026-01-25,MIA @ PHX,W,32,6,16,0.375,2,6,0.333,8,8,1.0,4,3,7,1,2,1,1,4,22,-7,1,Bam Adebayo
22025,1628389,22500674,2026-01-28,MIA vs. ORL,L,39,7,14,0.5,4,7,0.571,3,4,0.75,2,10,12,7,2,0,3,0,21,-4,1,Bam Adebayo
22025,1628389,22500529,2026-01-29,MIA @ CHI,W,34,7,19,0.368,2,8,0.25,4,4,1.0,2,10,12,2,0,0,1,0,20,6,1,Bam Adebayo
22025,1628389,22500692,2026-01-31,MIA vs. CHI,L,36,7,18,0.389,1,8,0.125,6,9,0.667,3,8,11,1,1,0,3,1,21,-8,1,Bam Adebayo
22025,1628389,22500705,2026-02-01,MIA vs. CHI,W,22,8,11,0.727,2,3,0.667,2,4,0.5,2,7,9,3,1,0,0,0,20,26,1,Bam Adebayo
22025,1628389,22500720,2026-02-03,MIA vs. ATL,L,30,4,16,0.25,0,3,0.0,8,8,1.0,2,12,14,1,1,0,3,3,16,0,1,Bam Adebayo
22025,1628389,22500741,2026-02-06,MIA @ BOS,L,35,5,13,0.385,2,6,0.333,4,6,0.667,0,7,7,1,1,0,0,2,16,8,1,Bam Adebayo
22025,1628389,22500758,2026-02-08,MIA @ WAS,W,28,9,15,0.6,2,6,0.333,2,2,1.0,1,7,8,3,5,0,2,1,22,41,1,Bam Adebayo
22025,1628389,22500763,2026-02-09,MIA vs. UTA,L,37,8,18,0.444,1,5,0.2,6,10,0.6,3,8,11,5,0,0,4,4,23,0,1,Bam Adebayo
22025,1628389,22500784,2026-02-11,MIA @ NOP,W,37,6,19,0.316,2,9,0.222,13,17,0.765,2,12,14,4,0,4,3,1,27,15,1,Bam Adebayo
22025,1628389,22500805,2026-02-20,MIA @ ATL,W,27,8,14,0.571,1,4,0.25,0,2,0.0,0,8,8,5,1,0,0,0,17,29,1,Bam Adebayo
22025,1628389,22500813,2026-02-21,MIA vs. MEM,W,27,4,7,0.571,1,3,0.333,4,5,0.8,2,4,6,5,0,0,1,0,13,27,1,Bam Adebayo
22025,1628389,22500837,2026-02-24,MIA @ MIL,L,31,8,19,0.421,2,8,0.25,0,0,0.0,2,7,9,2,1,1,1,3,18,-3,1,Bam Adebayo
22025,1628389,22500849,2026-02-26,MIA @ PHI,L,36,10,20,0.5,4,8,0.5,5,8,0.625,2,12,14,3,1,0,1,2,29,2,1,Bam Adebayo
22025,1628389,22500864,2026-02-28,MIA vs. HOU,W,35,9,17,0.529,3,5,0.6,3,6,0.5,4,7,11,1,1,0,1,3,24,16,1,Bam Adebayo
22025,1628389,22500886,2026-03-03,MIA vs. BKN,W,35,11,24,0.458,1,7,0.143,0,0,0.0,1,8,9,4,6,1,0,3,23,22,1,Bam Adebayo
22025,1628389,22500901,2026-03-05,MIA vs. BKN,W,25,7,15,0.467,0,4,0.0,7,8,0.875,3,4,7,2,1,1,1,5,21,10,1,Bam Adebayo
22025,1628389,22500909,2026-03-06,MIA @ CHA,W,39,10,26,0.385,0,5,0.0,4,5,0.8,3,9,12,4,1,1,0,2,24,9,1,Bam Adebayo
22025,1628389,22500923,2026-03-08,MIA vs. DET,W,34,7,17,0.412,4,10,0.4,6,6,1.0,3,6,9,6,1,1,2,1,24,13,1,Bam Adebayo
22025,1628389,22500938,2026-03-10,MIA vs. WAS,W,42,20,43,0.465,7,22,0.318,36,43,0.837,1,8,9,3,2,2,5,3,83,20,1,Bam Adebayo
22025,1628389,22500957,2026-03-12,MIA vs. MIL,W,35,6,20,0.3,0,5,0.0,9,13,0.692,4,4,8,2,1,0,2,1,21,11,1,Bam Adebayo
22025,1628389,22500972,2026-03-14,MIA vs. ORL,L,38,6,15,0.4,2,7,0.286,6,10,0.6,1,6,7,1,4,2,2,2,20,-2,1,Bam Adebayo
22025,1628389,22501010,2026-03-19,MIA vs. LAL,L,38,9,19,0.474,3,8,0.375,7,10,0.7,2,8,10,2,1,0,0,3,28,-12,1,Bam Adebayo
22025,1628389,22501027,2026-03-21,MIA @ HOU,L,45,12,21,0.571,2,4,0.5,6,8,0.75,5,16,21,4,2,0,1,4,32,5,1,Bam Adebayo
22025,1628389,22501041,2026-03-23,MIA vs. SAS,L,29,5,17,0.294,2,10,0.2,6,6,1.0,0,3,3,4,1,0,0,0,18,-26,1,Bam Adebayo
22025,1628389,22501055,2026-03-25,MIA @ CLE,W,33,6,19,0.316,1,9,0.111,4,5,0.8,1,9,10,7,2,0,1,1,17,-1,1,Bam Adebayo
22025,1628389,22501068,2026-03-27,MIA @ CLE,L,31,3,14,0.214,1,8,0.125,7,8,0.875,1,15,16,3,1,1,2,0,14,-18,1,Bam Adebayo
22025,1628389,22501083,2026-03-29,MIA @ IND,L,33,6,16,0.375,0,3,0.0,3,4,0.75,0,12,12,3,0,1,1,1,15,-9,1,Bam Adebayo
22025,1628389,22501091,2026-03-30,MIA vs. PHI,W,42,5,11,0.455,1,4,0.25,12,13,0.923,4,12,16,6,1,0,2,2,23,27,1,Bam Adebayo
22025,1628389,22501106,2026-04-01,MIA vs. BOS,L,38,10,21,0.476,5,10,0.5,4,8,0.5,4,6,10,2,2,0,3,2,29,-23,1,Bam Adebayo
22025,1628389,22501129,2026-04-04,MIA vs. WAS,W,24,3,6,0.5,2,4,0.5,6,7,0.857,0,9,9,7,1,0,2,1,14,25,1,Bam Adebayo
22025,1628389,22501151,2026-04-07,MIA @ TOR,L,37,2,13,0.154,1,7,0.143,2,2,1.0,1,8,9,3,1,0,0,0,7,-13,1,Bam Adebayo
22025,1628389,22501165,2026-04-09,MIA @ TOR,L,37,9,14,0.643,2,4,0.5,4,5,0.8,4,7,11,8,1,1,1,4,24,-10,1,Bam Adebayo
22025,1628389,22501172,2026-04-10,MIA @ WAS,W,38,7,14,0.5,3,6,0.5,3,3,1.0,0,11,11,8,1,1,2,0,20,22,1,Bam Adebayo
22025,1628389,22501189,2026-04-12,MIA vs. ATL,W,29,11,18,0.611,1,4,0.25,2,4,0.5,2,8,10,3,3,2,0,0,25,16,1,Bam Adebayo
22025,1628960,22500088,2025-10-22,PHX vs. SAC,W,36,6,12,0.5,3,7,0.429,3,3,1.0,1,4,5,7,1,0,4,3,18,1,1,Grayson Allen
22025,1628960,22500099,2025-10-24,PHX @ LAC,L,29,4,12,0.333,3,9,0.333,1,1,1.0,1,0,1,5,1,1,0,2,12,-11,1,Grayson Allen
22025,1628960,22500104,2025-10-25,PHX @ DEN,L,33,6,12,0.5,5,10,0.5,0,0,0.0,0,4,4,5,1,0,0,3,17,-10,1,Grayson Allen
22025,1628960,22500120,2025-10-27,PHX @ UTA,L,42,7,19,0.368,4,13,0.308,5,7,0.714,1,1,2,5,1,0,3,5,23,-8,1,Grayson Allen
22025,1628960,22500137,2025-10-29,PHX vs. MEM,L,36,4,10,0.4,2,6,0.333,4,4,1.0,0,3,3,4,0,0,5,2,14,-2,1,Grayson Allen
22025,1628960,22500025,2025-10-31,PHX vs. UTA,W,32,5,15,0.333,2,9,0.222,2,3,0.667,1,6,7,6,3,1,1,3,14,17,1,Grayson Allen
22025,1628960,22500154,2025-11-02,PHX vs. SAS,W,34,6,13,0.462,5,9,0.556,0,0,0.0,0,3,3,3,0,0,2,3,17,17,1,Grayson Allen
22025,1628960,22500169,2025-11-04,PHX @ GSW,L,35,6,15,0.4,4,9,0.444,0,0,0.0,0,4,4,5,3,0,1,4,16,-20,1,Grayson Allen
22025,1628960,22500182,2025-11-06,PHX vs. LAC,W,36,7,13,0.538,4,9,0.444,0,0,0.0,0,3,3,4,3,1,2,4,18,22,1,Grayson Allen
22025,1628960,22500190,2025-11-08,PHX @ LAC,W,31,5,12,0.417,4,7,0.571,0,0,0.0,0,0,0,3,1,0,2,0,14,13,1,Grayson Allen
22025,1628960,22500204,2025-11-10,PHX vs. NOP,W,28,12,17,0.706,10,15,0.667,8,10,0.8,1,1,2,4,3,0,1,0,42,22,1,Grayson Allen
22025,1628960,22500221,2025-11-12,PHX @ DAL,W,33,8,17,0.471,4,9,0.444,3,4,0.75,1,4,5,3,3,1,2,1,23,2,1,Grayson Allen
22025,1628960,22500226,2025-11-13,PHX vs. IND,W,12,5,6,0.833,1,2,0.5,1,2,0.5,0,1,1,2,1,0,0,0,12,8,1,Grayson Allen
22025,1628960,22500299,2025-11-29,PHX vs. DEN,L,26,4,11,0.364,2,7,0.286,0,0,0.0,1,0,1,3,2,0,0,3,10,-5,1,Grayson Allen
22025,1628960,22500346,2025-12-05,PHX @ HOU,L,26,3,12,0.25,1,7,0.143,2,2,1.0,0,2,2,0,1,0,3,3,9,-29,1,Grayson Allen
22025,1628960,22500365,2025-12-08,PHX @ MIN,W,33,5,16,0.313,1,8,0.125,1,3,0.333,1,2,3,4,2,0,2,5,12,-6,1,Grayson Allen
22025,1628960,22501203,2025-12-10,PHX @ OKC,L,22,3,9,0.333,2,7,0.286,2,2,1.0,1,0,1,4,1,0,1,2,10,-41,1,Grayson Allen
22025,1628960,22501228,2025-12-14,PHX vs. LAL,L,35,4,11,0.364,1,5,0.2,4,4,1.0,0,2,2,7,3,0,2,1,13,-4,1,Grayson Allen
22025,1628960,22500505,2026-01-05,PHX @ HOU,L,22,0,6,0.0,0,4,0.0,0,0,0.0,0,3,3,6,4,0,3,0,0,-8,1,Grayson Allen
22025,1628960,22500524,2026-01-07,PHX @ MEM,W,21,7,13,0.538,5,10,0.5,0,0,0.0,0,0,0,1,0,1,3,3,19,10,1,Grayson Allen
22025,1628960,22500538,2026-01-09,PHX vs. NYK,W,26,2,10,0.2,0,6,0.0,6,6,1.0,2,1,3,1,1,0,1,1,10,8,1,Grayson Allen
22025,1628960,22500555,2026-01-11,PHX vs. WAS,W,24,4,10,0.4,4,9,0.444,0,0,0.0,2,5,7,2,1,1,1,2,12,17,1,Grayson Allen
22025,1628960,22500564,2026-01-13,PHX @ MIA,L,27,9,19,0.474,6,14,0.429,1,1,1.0,1,3,4,1,2,0,2,3,25,-2,1,Grayson Allen
22025,1628960,22500579,2026-01-15,PHX @ DET,L,31,11,25,0.44,7,20,0.35,4,4,1.0,1,4,5,0,0,3,2,4,33,-10,1,Grayson Allen
22025,1628960,22500596,2026-01-17,PHX @ NYK,W,27,4,14,0.286,4,13,0.308,4,4,1.0,0,0,0,3,1,0,1,4,16,15,1,Grayson Allen
22025,1628960,22500610,2026-01-19,PHX @ BKN,W,30,5,13,0.385,4,10,0.4,0,1,0.0,1,2,3,8,0,0,0,2,14,-7,1,Grayson Allen
22025,1628960,22500613,2026-01-20,PHX @ PHI,W,29,5,11,0.455,4,9,0.444,2,2,1.0,2,3,5,6,1,0,0,1,16,11,1,Grayson Allen
22025,1628960,22500636,2026-01-23,PHX @ ATL,L,30,7,12,0.583,1,5,0.2,1,2,0.5,0,3,3,3,4,0,2,2,16,8,1,Grayson Allen
22025,1628960,22500655,2026-01-25,PHX vs. MIA,L,35,4,18,0.222,1,11,0.091,9,10,0.9,3,3,6,3,0,0,1,4,18,-4,1,Grayson Allen
22025,1628960,22500669,2026-01-27,PHX vs. BKN,W,34,7,11,0.636,2,4,0.5,2,3,0.667,1,2,3,6,1,0,2,1,18,4,1,Grayson Allen
22025,1628960,22500685,2026-01-29,PHX vs. DET,W,34,5,14,0.357,4,12,0.333,10,10,1.0,0,3,3,5,0,1,2,1,24,18,1,Grayson Allen
22025,1628960,22500693,2026-01-30,PHX vs. CLE,W,27,4,8,0.5,2,5,0.4,3,5,0.6,2,3,5,5,1,0,2,0,13,24,1,Grayson Allen
22025,1628960,22500709,2026-02-01,PHX vs. LAC,L,36,7,21,0.333,4,13,0.308,5,6,0.833,0,1,1,8,2,0,0,3,23,-3,1,Grayson Allen
22025,1628960,22500725,2026-02-03,PHX @ POR,W,36,9,17,0.529,6,11,0.545,0,0,0.0,0,1,1,4,1,0,3,3,24,1,1,Grayson Allen
22025,1628960,22500739,2026-02-05,PHX vs. GSW,L,33,7,17,0.412,5,13,0.385,2,2,1.0,1,4,5,4,1,0,3,1,21,4,1,Grayson Allen
22025,1628960,22500811,2026-02-21,PHX vs. ORL,W,33,8,22,0.364,4,14,0.286,7,7,1.0,1,6,7,2,1,1,2,0,27,0,1,Grayson Allen
22025,1628960,22500839,2026-02-24,PHX vs. BOS,L,24,2,12,0.167,1,9,0.111,9,10,0.9,0,3,3,1,0,0,2,2,14,-13,1,Grayson Allen
22025,1628960,22500855,2026-02-26,PHX vs. LAL,W,31,9,24,0.375,6,16,0.375,4,4,1.0,0,1,1,6,1,1,1,3,28,-14,1,Grayson Allen
22025,1628960,22500892,2026-03-03,PHX @ SAC,W,25,6,15,0.4,4,12,0.333,2,2,1.0,1,2,3,6,3,0,3,0,18,18,1,Grayson Allen
22025,1628960,22500905,2026-03-05,PHX vs. CHI,L,33,6,19,0.316,5,16,0.313,4,4,1.0,1,1,2,8,1,0,2,3,21,9,1,Grayson Allen
22025,1628960,22500912,2026-03-06,PHX vs. NOP,W,29,4,10,0.4,2,8,0.25,2,2,1.0,1,1,2,8,4,0,1,2,12,1,1,Grayson Allen
22025,1628960,22500941,2026-03-10,PHX @ MIL,W,26,4,8,0.5,2,5,0.4,2,3,0.667,1,2,3,3,0,0,1,2,12,13,1,Grayson Allen
22025,1628960,22500963,2026-03-13,PHX @ TOR,L,29,3,7,0.429,1,4,0.25,8,10,0.8,0,2,2,6,1,0,1,5,15,-8,1,Grayson Allen
22025,1628960,22500986,2026-03-16,PHX @ BOS,L,22,3,7,0.429,2,6,0.333,5,6,0.833,0,1,1,2,0,0,0,2,13,-5,1,Grayson Allen
22025,1628960,22501050,2026-03-24,PHX vs. DEN,L,23,8,19,0.421,5,12,0.417,0,0,0.0,1,4,5,3,1,0,0,0,21,-16,1,Grayson Allen
22025,1628960,22501081,2026-03-28,PHX vs. UTA,W,21,7,16,0.438,4,11,0.364,1,1,1.0,0,3,3,3,2,0,2,1,19,14,1,Grayson Allen
22025,1628960,22501099,2026-03-31,PHX @ ORL,L,32,4,14,0.286,2,10,0.2,0,0,0.0,0,2,2,1,0,0,2,6,10,-5,1,Grayson Allen
22025,1628960,22501114,2026-04-02,PHX @ CHA,L,25,4,10,0.4,2,6,0.333,3,5,0.6,0,2,2,1,0,0,0,4,13,-16,1,Grayson Allen
22025,1628960,22501134,2026-04-05,PHX @ CHI,W,16,1,2,0.5,1,2,0.5,3,4,0.75,3,2,5,2,3,0,1,5,6,1,1,Grayson Allen
22025,1628960,22501157,2026-04-07,PHX vs. HOU,L,26,1,4,0.25,0,2,0.0,6,6,1.0,2,2,4,2,1,1,4,3,8,-18,1,Grayson Allen
22025,1628960,22501185,2026-04-10,PHX @ LAL,L,13,2,7,0.286,1,5,0.2,3,3,1.0,1,3,4,1,1,0,2,0,8,5,1,Grayson Allen
22025,1629638,22500082,2025-10-22,ATL vs. TOR,L,28,2,15,0.133,1,5,0.2,5,6,0.833,1,3,4,4,1,1,1,2,10,-2,1,Nickeil Alexander-Walker
22025,1629638,22500090,2025-10-24,ATL @ ORL,W,31,8,18,0.444,1,10,0.1,2,2,1.0,0,1,1,4,1,0,1,0,19,-1,1,Nickeil Alexander-Walker
22025,1629638,22500101,2025-10-25,ATL vs. OKC,L,30,6,10,0.6,3,6,0.5,2,2,1.0,1,2,3,2,2,1,2,0,17,-18,1,Nickeil Alexander-Walker
22025,1629638,22500115,2025-10-27,ATL @ CHI,L,30,6,11,0.545,4,6,0.667,1,2,0.5,2,1,3,3,1,0,0,3,17,-13,1,Nickeil Alexander-Walker
22025,1629638,22500130,2025-10-29,ATL @ BKN,W,32,7,17,0.412,2,8,0.25,2,2,1.0,0,3,3,3,2,3,1,1,18,-2,1,Nickeil Alexander-Walker
22025,1629638,22500020,2025-10-31,ATL @ IND,W,32,8,14,0.571,1,5,0.2,4,5,0.8,1,2,3,3,2,0,3,1,21,17,1,Nickeil Alexander-Walker
22025,1629638,22500151,2025-11-02,ATL @ CLE,L,34,3,11,0.273,0,4,0.0,10,11,0.909,0,3,3,5,0,1,5,3,16,-12,1,Nickeil Alexander-Walker
22025,1629638,22500166,2025-11-04,ATL vs. ORL,W,32,6,11,0.545,3,5,0.6,5,6,0.833,0,1,1,2,0,1,7,4,20,5,1,Nickeil Alexander-Walker
22025,1629638,22500030,2025-11-07,ATL vs. TOR,L,30,7,14,0.5,3,6,0.5,3,4,0.75,0,2,2,3,0,0,3,3,20,-13,1,Nickeil Alexander-Walker
22025,1629638,22500223,2025-11-12,ATL @ SAC,W,22,5,11,0.455,1,4,0.25,3,3,1.0,1,5,6,5,0,2,4,1,14,44,1,Nickeil Alexander-Walker
22025,1629638,22500227,2025-11-13,ATL @ UTA,W,30,4,11,0.364,1,3,0.333,7,8,0.875,1,1,2,5,2,2,2,0,16,15,1,Nickeil Alexander-Walker
22025,1629638,22500239,2025-11-16,ATL @ PHX,W,35,9,18,0.5,3,9,0.333,5,7,0.714,1,2,3,4,2,0,2,2,26,22,1,Nickeil Alexander-Walker
22025,1629638,22500251,2025-11-18,ATL vs. DET,L,37,9,20,0.45,1,9,0.111,5,6,0.833,0,3,3,3,0,0,0,4,24,-19,1,Nickeil Alexander-Walker
22025,1629638,22500267,2025-11-20,ATL @ SAS,L,34,13,17,0.765,8,10,0.8,4,4,1.0,1,3,4,5,0,3,2,3,38,-7,1,Nickeil Alexander-Walker
22025,1629638,22500270,2025-11-22,ATL @ NOP,W,36,4,11,0.364,2,6,0.333,0,0,0.0,1,4,5,3,1,0,1,2,10,11,1,Nickeil Alexander-Walker
22025,1629638,22500276,2025-11-23,ATL vs. CHA,W,39,8,17,0.471,3,7,0.429,4,6,0.667,2,3,5,4,1,1,1,4,23,-7,1,Nickeil Alexander-Walker
22025,1629638,22500057,2025-11-25,ATL @ WAS,L,32,3,9,0.333,2,6,0.333,0,0,0.0,0,2,2,4,0,0,3,1,8,-20,1,Nickeil Alexander-Walker
22025,1629638,22500069,2025-11-28,ATL vs. CLE,W,35,10,22,0.455,5,13,0.385,5,5,1.0,0,3,3,1,1,1,1,2,30,18,1,Nickeil Alexander-Walker
22025,1629638,22500304,2025-11-30,ATL @ PHI,W,44,11,22,0.5,6,11,0.545,6,6,1.0,2,6,8,7,1,1,4,5,34,19,1,Nickeil Alexander-Walker
22025,1629638,22500309,2025-12-01,ATL @ DET,L,35,10,19,0.526,6,10,0.6,0,0,0.0,0,3,3,1,2,0,2,1,26,4,1,Nickeil Alexander-Walker
22025,1629638,22500327,2025-12-03,ATL vs. LAC,L,31,7,18,0.389,2,7,0.286,5,7,0.714,1,4,5,3,1,0,1,2,21,-17,1,Nickeil Alexander-Walker
22025,1629638,22500340,2025-12-05,ATL vs. DEN,L,34,10,17,0.588,5,9,0.556,5,5,1.0,2,3,5,1,0,0,1,3,30,0,1,Nickeil Alexander-Walker
22025,1629638,22500351,2025-12-06,ATL @ WAS,W,32,7,15,0.467,3,10,0.3,0,0,0.0,2,2,4,4,3,0,3,3,17,2,1,Nickeil Alexander-Walker
22025,1629638,22501210,2025-12-12,ATL @ DET,L,31,6,14,0.429,4,10,0.4,6,6,1.0,0,2,2,0,0,0,2,3,22,-21,1,Nickeil Alexander-Walker
22025,1629638,22501217,2025-12-14,ATL vs. PHI,W,34,3,18,0.167,2,5,0.4,4,4,1.0,2,5,7,6,1,0,2,3,12,9,1,Nickeil Alexander-Walker
22025,1629638,22500371,2025-12-18,ATL @ CHA,L,34,11,18,0.611,4,9,0.444,2,2,1.0,1,7,8,2,0,0,3,2,28,23,1,Nickeil Alexander-Walker
22025,1629638,22500383,2025-12-19,ATL vs. SAS,L,33,7,18,0.389,2,10,0.2,7,9,0.778,1,1,2,4,0,0,3,1,23,-27,1,Nickeil Alexander-Walker
22025,1629638,22500396,2025-12-21,ATL vs. CHI,L,29,3,12,0.25,1,6,0.167,2,3,0.667,0,1,1,2,1,2,3,5,9,7,1,Nickeil Alexander-Walker
22025,1629638,22500411,2025-12-23,ATL vs. CHI,L,34,9,19,0.474,2,8,0.25,1,2,0.5,0,1,1,2,2,0,0,1,21,-20,1,Nickeil Alexander-Walker
22025,1629638,22500423,2025-12-26,ATL vs. MIA,L,32,6,14,0.429,2,5,0.4,1,1,1.0,0,4,4,3,1,1,2,1,15,-6,1,Nickeil Alexander-Walker
22025,1629638,22500435,2025-12-27,ATL vs. NYK,L,30,8,18,0.444,5,12,0.417,4,4,1.0,0,0,0,1,1,0,0,1,25,4,1,Nickeil Alexander-Walker
22025,1629638,22500455,2025-12-29,ATL @ OKC,L,40,11,24,0.458,6,14,0.429,2,3,0.667,0,4,4,5,2,1,1,3,30,-2,1,Nickeil Alexander-Walker
22025,1629638,22500463,2025-12-31,ATL vs. MIN,W,31,4,12,0.333,3,7,0.429,0,0,0.0,0,0,0,3,0,0,2,2,11,11,1,Nickeil Alexander-Walker
22025,1629638,22500479,2026-01-02,ATL @ NYK,W,34,9,20,0.45,3,10,0.3,2,4,0.5,0,4,4,3,2,0,1,2,23,8,1,Nickeil Alexander-Walker
22025,1629638,22500488,2026-01-03,ATL @ TOR,L,36,10,19,0.526,6,11,0.545,5,5,1.0,0,4,4,3,2,0,6,1,31,-16,1,Nickeil Alexander-Walker
22025,1629638,22500504,2026-01-05,ATL @ TOR,L,34,4,14,0.286,2,6,0.333,4,4,1.0,0,5,5,4,0,0,3,1,14,-8,1,Nickeil Alexander-Walker
22025,1629638,22500519,2026-01-07,ATL vs. NOP,W,34,6,18,0.333,2,12,0.167,3,3,1.0,1,5,6,6,3,2,1,3,17,16,1,Nickeil Alexander-Walker
22025,1629638,22500537,2026-01-09,ATL @ DEN,W,33,9,21,0.429,3,11,0.273,1,1,1.0,0,8,8,3,2,0,1,1,22,9,1,Nickeil Alexander-Walker
22025,1629638,22500556,2026-01-11,ATL @ GSW,W,34,9,18,0.5,3,7,0.429,3,3,1.0,0,2,2,2,3,0,1,2,24,9,1,Nickeil Alexander-Walker
22025,1629638,22500569,2026-01-13,ATL @ LAL,L,33,10,16,0.625,5,9,0.556,1,1,1.0,0,4,4,3,0,0,0,3,26,-37,1,Nickeil Alexander-Walker
22025,1629638,22500585,2026-01-15,ATL @ POR,L,29,2,6,0.333,2,4,0.5,5,6,0.833,2,4,6,7,1,0,3,3,11,-4,1,Nickeil Alexander-Walker
22025,1629638,22500594,2026-01-17,ATL vs. BOS,L,29,6,16,0.375,4,9,0.444,2,2,1.0,0,2,2,6,1,1,0,0,18,-35,1,Nickeil Alexander-Walker
22025,1629638,22500014,2026-01-19,ATL vs. MIL,L,39,9,20,0.45,7,16,0.438,7,7,1.0,0,6,6,6,1,1,0,1,32,-1,1,Nickeil Alexander-Walker
22025,1629638,22500623,2026-01-21,ATL @ MEM,W,33,3,11,0.273,2,9,0.222,3,3,1.0,1,1,2,4,1,2,2,2,11,1,1,Nickeil Alexander-Walker
22025,1629638,22500636,2026-01-23,ATL vs. PHX,W,33,4,12,0.333,2,5,0.4,3,3,1.0,0,0,0,3,2,1,5,2,13,1,1,Nickeil Alexander-Walker
22025,1629638,22500659,2026-01-26,ATL vs. IND,W,34,5,13,0.385,5,10,0.5,6,6,1.0,0,3,3,3,3,1,4,3,21,10,1,Nickeil Alexander-Walker
22025,1629638,22500673,2026-01-28,ATL @ BOS,W,31,7,15,0.467,5,12,0.417,2,2,1.0,0,1,1,3,3,0,2,2,21,15,1,Nickeil Alexander-Walker
22025,1629638,22500682,2026-01-29,ATL vs. HOU,L,35,6,16,0.375,3,8,0.375,5,5,1.0,0,5,5,1,0,0,3,2,20,-26,1,Nickeil Alexander-Walker
22025,1629638,22500698,2026-01-31,ATL @ IND,L,35,7,17,0.412,3,7,0.429,4,6,0.667,1,2,3,5,1,1,0,3,21,-1,1,Nickeil Alexander-Walker
22025,1629638,22500720,2026-02-03,ATL @ MIA,W,31,8,21,0.381,3,12,0.25,0,0,0.0,1,4,5,7,1,0,0,2,19,1,1,Nickeil Alexander-Walker
22025,1629638,22500735,2026-02-05,ATL vs. UTA,W,34,9,15,0.6,0,3,0.0,5,5,1.0,1,1,2,5,2,0,0,0,23,10,1,Nickeil Alexander-Walker
22025,1629638,22500751,2026-02-07,ATL vs. CHA,L,38,3,15,0.2,2,8,0.25,5,5,1.0,0,2,2,10,1,1,1,4,13,13,1,Nickeil Alexander-Walker
22025,1629638,22500765,2026-02-09,ATL @ MIN,L,35,9,19,0.474,4,9,0.444,1,1,1.0,2,10,12,5,2,0,6,5,23,-18,1,Nickeil Alexander-Walker
22025,1629638,22500775,2026-02-11,ATL @ CHA,L,40,2,13,0.154,1,7,0.143,5,5,1.0,0,3,3,4,1,2,3,4,10,8,1,Nickeil Alexander-Walker
22025,1629638,22500794,2026-02-19,ATL @ PHI,W,33,4,11,0.364,2,7,0.286,4,5,0.8,0,3,3,4,3,0,4,1,14,0,1,Nickeil Alexander-Walker
22025,1629638,22500805,2026-02-20,ATL vs. MIA,L,37,8,17,0.471,4,9,0.444,0,0,0.0,0,3,3,3,0,0,4,2,20,-25,1,Nickeil Alexander-Walker
22025,1629638,22500818,2026-02-22,ATL vs. BKN,W,35,4,12,0.333,3,9,0.333,6,6,1.0,2,1,3,6,2,0,1,1,17,29,1,Nickeil Alexander-Walker
22025,1629638,22500832,2026-02-24,ATL vs. WAS,W,25,4,10,0.4,3,7,0.429,5,5,1.0,0,3,3,5,2,0,2,2,16,19,1,Nickeil Alexander-Walker
22025,1629638,22500873,2026-03-01,ATL vs. POR,W,28,5,9,0.556,1,4,0.25,4,4,1.0,2,1,3,4,1,0,2,3,15,16,1,Nickeil Alexander-Walker
22025,1629638,22500897,2026-03-04,ATL @ MIL,W,32,9,14,0.643,5,9,0.556,0,0,0.0,0,1,1,2,1,0,3,2,23,19,1,Nickeil Alexander-Walker
22025,1629638,22500917,2026-03-07,ATL vs. PHI,W,36,8,15,0.533,4,9,0.444,4,4,1.0,1,1,2,6,1,0,4,3,24,11,1,Nickeil Alexander-Walker
22025,1629638,22500939,2026-03-10,ATL vs. DAL,W,37,12,19,0.632,5,8,0.625,0,0,0.0,0,2,2,3,2,1,4,3,29,19,1,Nickeil Alexander-Walker
22025,1629638,22500956,2026-03-12,ATL vs. BKN,W,36,5,13,0.385,2,8,0.25,6,6,1.0,0,2,2,2,3,0,2,1,18,9,1,Nickeil Alexander-Walker
22025,1629638,22500970,2026-03-14,ATL vs. MIL,W,34,7,14,0.5,3,7,0.429,3,3,1.0,1,2,3,1,3,1,2,5,20,24,1,Nickeil Alexander-Walker
22025,1629638,22500983,2026-03-16,ATL vs. ORL,W,37,12,21,0.571,9,14,0.643,8,9,0.889,3,4,7,5,2,0,3,1,41,27,1,Nickeil Alexander-Walker
22025,1629638,22501006,2026-03-18,ATL @ DAL,W,30,8,14,0.571,4,5,0.8,2,2,1.0,1,0,1,2,2,1,0,2,22,19,1,Nickeil Alexander-Walker
22025,1629638,22501018,2026-03-20,ATL @ HOU,L,27,6,12,0.5,1,3,0.333,8,9,0.889,2,2,4,4,1,0,3,2,21,-14,1,Nickeil Alexander-Walker
22025,1629638,22501026,2026-03-21,ATL vs. GSW,W,27,4,9,0.444,2,6,0.333,7,7,1.0,0,2,2,1,2,0,1,3,17,24,1,Nickeil Alexander-Walker
22025,1629638,22501037,2026-03-23,ATL vs. MEM,W,26,8,11,0.727,4,6,0.667,6,6,1.0,1,1,2,6,1,0,0,3,26,29,1,Nickeil Alexander-Walker
22025,1629638,22501051,2026-03-25,ATL @ DET,W,40,9,18,0.5,3,10,0.3,0,0,0.0,2,2,4,3,0,0,1,1,21,0,1,Nickeil Alexander-Walker
22025,1629638,22501067,2026-03-27,ATL @ BOS,L,38,6,13,0.462,2,5,0.4,6,7,0.857,0,4,4,5,2,0,0,4,20,-8,1,Nickeil Alexander-Walker
22025,1629638,22501078,2026-03-28,ATL vs. SAC,W,36,7,14,0.5,4,9,0.444,9,9,1.0,1,4,5,8,4,0,2,1,27,25,1,Nickeil Alexander-Walker
22025,1629638,22501092,2026-03-30,ATL vs. BOS,W,35,6,16,0.375,3,8,0.375,2,3,0.667,2,2,4,6,0,0,1,3,17,1,1,Nickeil Alexander-Walker
22025,1629638,22501107,2026-04-01,ATL @ ORL,W,33,11,16,0.688,5,9,0.556,5,6,0.833,0,4,4,1,3,1,3,3,32,28,1,Nickeil Alexander-Walker
22025,1629638,22501122,2026-04-03,ATL @ BKN,W,34,8,16,0.5,4,9,0.444,1,1,1.0,0,4,4,3,0,3,4,2,21,21,1,Nickeil Alexander-Walker
22025,1629638,22501143,2026-04-06,ATL vs. NYK,L,39,12,19,0.632,7,11,0.636,5,5,1.0,1,1,2,3,0,1,2,1,36,-4,1,Nickeil Alexander-Walker
22025,1629638,22501158,2026-04-08,ATL @ CLE,L,39,10,19,0.526,4,9,0.444,1,1,1.0,0,4,4,2,2,0,4,3,25,-13,1,Nickeil Alexander-Walker
22025,1629638,22501173,2026-04-10,ATL vs. CLE,W,32,7,13,0.538,3,8,0.375,1,1,1.0,1,0,1,1,2,1,0,3,18,29,1,Nickeil Alexander-Walker
22025,1630173,22500181,2025-11-05,SAC vs. GSW,W,9,2,2,1.0,0,0,0.0,0,0,0.0,1,2,3,0,0,1,1,0,4,5,1,Precious Achiuwa
22025,1630173,22500038,2025-11-07,SAC vs. OKC,L,17,1,5,0.2,0,2,0.0,2,3,0.667,0,4,4,0,1,0,0,0,4,2,1,Precious Achiuwa
22025,1630173,22500197,2025-11-09,SAC vs. MIN,L,29,5,7,0.714,0,1,0.0,2,3,0.667,4,6,10,0,0,1,1,3,12,-10,1,Precious Achiuwa
22025,1630173,22500212,2025-11-11,SAC vs. DEN,L,18,3,5,0.6,0,2,0.0,0,0,0.0,2,1,3,3,1,0,1,1,6,-13,1,Precious Achiuwa
22025,1630173,22500223,2025-11-12,SAC vs. ATL,L,20,4,6,0.667,0,0,0.0,2,4,0.5,2,3,5,2,0,0,0,0,10,-14,1,Precious Achiuwa
22025,1630173,22500044,2025-11-14,SAC @ MIN,L,20,2,4,0.5,0,1,0.0,0,1,0.0,1,2,3,0,3,1,0,3,4,-14,1,Precious Achiuwa
22025,1630173,22500234,2025-11-16,SAC @ SAS,L,5,0,2,0.0,0,2,0.0,1,2,0.5,0,1,1,0,0,0,0,0,1,3,1,Precious Achiuwa
22025,1630173,22500261,2025-11-19,SAC @ OKC,L,26,6,12,0.5,1,1,1.0,2,4,0.5,5,4,9,3,1,0,2,2,15,-6,1,Precious Achiuwa
22025,1630173,22500265,2025-11-20,SAC @ MEM,L,24,1,3,0.333,0,2,0.0,0,0,0.0,0,5,5,2,0,0,0,1,2,-25,1,Precious Achiuwa
22025,1630173,22500274,2025-11-22,SAC @ DEN,W,24,3,4,0.75,0,0,0.0,1,1,1.0,2,2,4,0,1,0,0,3,7,5,1,Precious Achiuwa
22025,1630173,22500292,2025-11-24,SAC vs. MIN,W,34,5,8,0.625,0,1,0.0,0,0,0.0,1,7,8,0,1,1,2,4,10,19,1,Precious Achiuwa
22025,1630173,22500068,2025-11-26,SAC vs. PHX,L,25,6,7,0.857,1,1,1.0,1,2,0.5,2,3,5,3,1,0,0,4,14,5,1,Precious Achiuwa
22025,1630173,22500077,2025-11-28,SAC @ UTA,L,19,1,6,0.167,0,0,0.0,0,2,0.0,2,4,6,1,0,2,0,2,2,-20,1,Precious Achiuwa
22025,1630173,22500307,2025-11-30,SAC vs. MEM,L,24,5,10,0.5,1,1,1.0,0,2,0.0,3,4,7,0,0,0,0,1,11,17,1,Precious Achiuwa
22025,1630173,22500330,2025-12-03,SAC @ HOU,L,19,4,8,0.5,0,1,0.0,2,4,0.5,2,2,4,0,2,0,1,2,10,-21,1,Precious Achiuwa
22025,1630173,22500354,2025-12-06,SAC @ MIA,W,16,3,5,0.6,0,0,0.0,1,2,0.5,3,7,10,1,0,0,0,0,7,7,1,Precious Achiuwa
22025,1630173,22500364,2025-12-08,SAC @ IND,L,21,5,9,0.556,0,0,0.0,1,3,0.333,3,2,5,2,2,2,0,1,11,-4,1,Precious Achiuwa
22025,1630173,22501208,2025-12-11,SAC vs. DEN,L,10,2,4,0.5,0,0,0.0,0,0,0.0,1,5,6,0,0,0,0,4,4,2,1,Precious Achiuwa
22025,1630173,22501220,2025-12-14,SAC @ MIN,L,27,7,7,1.0,1,1,1.0,2,4,0.5,1,5,6,0,0,1,0,2,17,-3,1,Precious Achiuwa
22025,1630173,22500380,2025-12-18,SAC @ POR,L,14,1,5,0.2,0,0,0.0,0,0,0.0,2,3,5,2,1,0,1,1,2,-3,1,Precious Achiuwa
22025,1630173,22500394,2025-12-20,SAC vs. POR,L,10,0,6,0.0,0,1,0.0,2,2,1.0,2,0,2,0,0,0,0,1,2,-18,1,Precious Achiuwa
22025,1630173,22500401,2025-12-21,SAC vs. HOU,W,18,1,2,0.5,0,0,0.0,3,8,0.375,1,0,1,2,1,0,1,1,5,-3,1,Precious Achiuwa
22025,1630173,22500421,2025-12-23,SAC vs. DET,L,27,6,13,0.462,3,4,0.75,0,0,0.0,4,8,12,3,2,1,1,4,15,1,1,Precious Achiuwa
22025,1630173,22500432,2025-12-27,SAC vs. DAL,W,25,2,8,0.25,0,2,0.0,1,2,0.5,3,6,9,2,2,0,0,1,5,9,1,Precious Achiuwa
22025,1630173,22500446,2025-12-28,SAC @ LAL,L,20,2,4,0.5,0,1,0.0,1,2,0.5,1,2,3,1,1,0,0,0,5,-18,1,Precious Achiuwa
22025,1630173,22500461,2025-12-30,SAC @ LAC,L,17,0,4,0.0,0,0,0.0,0,0,0.0,1,2,3,2,0,1,0,2,0,-17,1,Precious Achiuwa
22025,1630173,22500474,2026-01-01,SAC vs. BOS,L,22,5,9,0.556,2,4,0.5,2,2,1.0,0,3,3,2,2,1,1,1,14,-7,1,Precious Achiuwa
22025,1630173,22500483,2026-01-02,SAC @ PHX,L,19,1,8,0.125,0,2,0.0,1,2,0.5,3,3,6,3,0,0,2,5,3,-12,1,Precious Achiuwa
22025,1630173,22500500,2026-01-04,SAC vs. MIL,L,15,2,3,0.667,0,0,0.0,0,0,0.0,0,3,3,0,2,0,0,2,4,-13,1,Precious Achiuwa
22025,1630173,22500515,2026-01-06,SAC vs. DAL,L,22,4,7,0.571,1,1,1.0,0,0,0.0,1,8,9,0,1,1,1,1,9,4,1,Precious Achiuwa
22025,1630173,22500539,2026-01-09,SAC @ GSW,L,5,0,0,0.0,0,0,0.0,1,2,0.5,0,0,0,1,0,2,0,0,1,2,1,Precious Achiuwa
22025,1630173,22500557,2026-01-11,SAC vs. HOU,W,39,4,7,0.571,0,3,0.0,2,2,1.0,3,4,7,3,3,0,1,3,10,8,1,Precious Achiuwa
22025,1630173,22500562,2026-01-12,SAC vs. LAL,W,30,4,7,0.571,1,1,1.0,0,0,0.0,2,5,7,0,0,2,1,2,9,15,1,Precious Achiuwa
22025,1630173,22500576,2026-01-14,SAC vs. NYK,W,39,7,14,0.5,2,4,0.5,4,7,0.571,6,8,14,2,2,2,2,1,20,16,1,Precious Achiuwa
22025,1630173,22500592,2026-01-16,SAC vs. WAS,W,28,7,8,0.875,1,2,0.5,1,2,0.5,4,2,6,1,0,2,1,0,16,-2,1,Precious Achiuwa
22025,1630173,22500606,2026-01-18,SAC vs. POR,L,18,2,3,0.667,0,1,0.0,0,0,0.0,0,3,3,2,0,1,1,3,4,-14,1,Precious Achiuwa
22025,1630173,22500619,2026-01-20,SAC vs. MIA,L,22,2,4,0.5,0,1,0.0,2,2,1.0,0,5,5,1,1,0,2,1,6,-9,1,Precious Achiuwa
22025,1630173,22500626,2026-01-21,SAC vs. TOR,L,21,5,6,0.833,1,1,1.0,0,0,0.0,2,6,8,1,0,0,0,1,11,-9,1,Precious Achiuwa
22025,1630173,22500638,2026-01-23,SAC @ CLE,L,20,2,6,0.333,0,1,0.0,0,0,0.0,3,5,8,2,0,0,1,2,4,-22,1,Precious Achiuwa
22025,1630173,22500650,2026-01-25,SAC @ DET,L,17,2,4,0.5,0,1,0.0,0,0,0.0,2,2,4,1,0,0,1,1,4,-10,1,Precious Achiuwa
22025,1630173,22500665,2026-01-27,SAC @ NYK,L,24,3,7,0.429,0,2,0.0,0,0,0.0,2,3,5,0,2,0,2,1,6,-8,1,Precious Achiuwa
22025,1630173,22500680,2026-01-29,SAC @ PHI,L,34,4,7,0.571,0,2,0.0,0,0,0.0,4,9,13,3,1,1,2,3,8,-1,1,Precious Achiuwa
22025,1630173,22500689,2026-01-30,SAC @ BOS,L,13,1,5,0.2,0,0,0.0,0,0,0.0,2,1,3,0,0,0,0,1,2,-8,1,Precious Achiuwa
22025,1630173,22500707,2026-02-01,SAC @ WAS,L,9,2,7,0.286,1,1,1.0,0,0,0.0,3,1,4,0,0,0,1,0,5,-11,1,Precious Achiuwa
22025,1630173,22500746,2026-02-06,SAC vs. LAC,L,8,2,4,0.5,0,2,0.0,2,2,1.0,2,2,4,1,0,1,0,1,6,5,1,Precious Achiuwa
22025,1630173,22500756,2026-02-07,SAC vs. CLE,L,16,1,3,0.333,0,1,0.0,0,2,0.0,0,2,2,2,2,0,0,2,2,-7,1,Precious Achiuwa
22025,1630173,22500766,2026-02-09,SAC @ NOP,L,20,4,8,0.5,0,0,0.0,0,0,0.0,1,2,3,0,3,1,1,2,8,-9,1,Precious Achiuwa
22025,1630173,22500786,2026-02-11,SAC @ UTA,L,16,3,5,0.6,0,0,0.0,0,0,0.0,1,4,5,1,1,1,1,3,6,-9,1,Precious Achiuwa
22025,1630173,22500800,2026-02-19,SAC vs. ORL,L,34,7,12,0.583,0,1,0.0,0,0,0.0,2,8,10,1,4,2,3,3,14,-21,1,Precious Achiuwa
22025,1630173,22500815,2026-02-21,SAC @ SAS,L,21,6,9,0.667,1,1,1.0,1,2,0.5,0,3,3,4,1,0,0,1,14,6,1,Precious Achiuwa
22025,1630173,22500829,2026-02-23,SAC @ MEM,W,33,10,15,0.667,0,0,0.0,2,3,0.667,7,5,12,0,1,1,2,0,22,7,1,Precious Achiuwa
22025,1630173,22500845,2026-02-25,SAC @ HOU,L,30,3,11,0.273,0,2,0.0,0,0,0.0,5,5,10,1,0,0,2,2,6,-14,1,Precious Achiuwa
22025,1630173,22500854,2026-02-26,SAC @ DAL,W,33,13,19,0.684,3,3,1.0,0,0,0.0,7,5,12,4,3,1,0,4,29,14,1,Precious Achiuwa
22025,1630173,22500878,2026-03-01,SAC @ LAL,L,27,4,10,0.4,0,1,0.0,0,0,0.0,5,4,9,1,1,2,0,2,8,-11,1,Precious Achiuwa
22025,1630173,22500892,2026-03-03,SAC vs. PHX,L,39,8,14,0.571,0,2,0.0,2,2,1.0,3,6,9,1,1,1,0,1,18,0,1,Precious Achiuwa
22025,1630173,22500907,2026-03-05,SAC vs. NOP,L,41,12,16,0.75,1,3,0.333,4,6,0.667,1,11,12,5,1,2,0,2,29,-1,1,Precious Achiuwa
22025,1630173,22500930,2026-03-08,SAC vs. CHI,W,39,6,12,0.5,1,1,1.0,0,0,0.0,1,8,9,3,0,0,0,3,13,17,1,Precious Achiuwa
22025,1630173,22500945,2026-03-10,SAC vs. IND,W,20,3,6,0.5,0,1,0.0,0,0,0.0,1,6,7,0,0,1,1,1,6,-7,1,Precious Achiuwa
22025,1630173,22500951,2026-03-11,SAC vs. CHA,L,30,6,11,0.545,0,1,0.0,2,2,1.0,4,4,8,2,1,1,1,3,14,-22,1,Precious Achiuwa
22025,1630173,22500975,2026-03-14,SAC @ LAC,W,37,10,14,0.714,3,4,0.75,2,2,1.0,3,10,13,1,0,4,2,4,25,18,1,Precious Achiuwa
22025,1630173,22500982,2026-03-15,SAC vs. UTA,W,33,10,15,0.667,0,2,0.0,0,0,0.0,3,8,11,1,2,1,2,0,20,10,1,Precious Achiuwa
22025,1630173,22500998,2026-03-17,SAC vs. SAS,L,30,4,12,0.333,1,4,0.25,1,1,1.0,2,5,7,2,0,1,0,2,10,-19,1,Precious Achiuwa
22025,1630173,22501015,2026-03-19,SAC vs. PHI,L,34,3,5,0.6,0,1,0.0,6,10,0.6,0,7,7,0,0,1,1,0,12,-7,1,Precious Achiuwa
22025,1630173,22501033,2026-03-22,SAC vs. BKN,W,28,6,13,0.462,0,0,0.0,2,4,0.5,6,9,15,0,1,0,2,1,14,-4,1,Precious Achiuwa
22025,1630173,22501065,2026-03-26,SAC @ ORL,L,34,7,12,0.583,0,1,0.0,0,0,0.0,4,5,9,2,2,2,2,1,14,2,1,Precious Achiuwa
22025,1630173,22501078,2026-03-28,SAC @ ATL,L,20,8,11,0.727,0,1,0.0,0,0,0.0,5,1,6,2,2,0,1,1,16,-1,1,Precious Achiuwa
22025,1630173,22501084,2026-03-29,SAC @ BKN,L,34,7,14,0.5,0,1,0.0,2,7,0.286,4,4,8,1,1,0,3,2,16,-20,1,Precious Achiuwa
22025,1630173,22501108,2026-04-01,SAC @ TOR,W,38,12,19,0.632,1,2,0.5,3,4,0.75,11,8,19,1,0,1,2,4,28,22,1,Precious Achiuwa
22025,1630173,22501128,2026-04-03,SAC vs. NOP,W,25,6,10,0.6,0,2,0.0,0,1,0.0,3,4,7,2,2,0,3,2,12,7,1,Precious Achiuwa
22025,1630173,22501141,2026-04-05,SAC vs. LAC,L,20,3,6,0.5,0,0,0.0,2,6,0.333,3,2,5,0,0,0,1,3,8,-22,1,Precious Achiuwa
22025,1630173,22501154,2026-04-07,SAC @ GSW,L,34,6,14,0.429,0,2,0.0,1,2,0.5,2,4,6,4,0,1,2,0,13,3,1,Precious Achiuwa
22025,1630173,22501184,2026-04-10,SAC vs. GSW,W,25,2,9,0.222,0,4,0.0,1,2,0.5,1,5,6,4,2,1,1,1,5,-12,1,Precious Achiuwa
22025,1630173,22501200,2026-04-12,SAC @ POR,L,35,10,21,0.476,0,3,0.0,7,11,0.636,4,7,11,4,0,1,2,1,27,-1,1,Precious Achiuwa
22025,1630534,22500082,2025-10-22,TOR @ ATL,W,20,2,5,0.4,0,3,0.0,0,0,0.0,1,2,3,1,2,0,0,3,4,15,1,Ochai Agbaji
22025,1630534,22500092,2025-10-24,TOR vs. MIL,L,12,1,1,1.0,0,0,0.0,1,2,0.5,0,1,1,1,0,0,1,3,3,-2,1,Ochai Agbaji
22025,1630534,22500111,2025-10-26,TOR @ DAL,L,22,1,5,0.2,1,4,0.25,2,2,1.0,0,3,3,0,1,0,0,2,5,-10,1,Ochai Agbaji
22025,1630534,22500118,2025-10-27,TOR @ SAS,L,12,2,4,0.5,0,0,0.0,0,0,0.0,0,1,1,2,1,0,0,0,4,5,1,Ochai Agbaji
22025,1630534,22500131,2025-10-29,TOR vs. HOU,L,7,0,1,0.0,0,1,0.0,1,2,0.5,0,0,0,0,0,0,0,1,1,-9,1,Ochai Agbaji
22025,1630534,22500022,2025-10-31,TOR @ CLE,W,17,1,3,0.333,0,1,0.0,1,2,0.5,1,6,7,2,1,1,1,3,3,21,1,Ochai Agbaji
22025,1630534,22500152,2025-11-02,TOR vs. MEM,W,16,2,4,0.5,0,2,0.0,0,0,0.0,0,2,2,0,0,0,1,2,4,-1,1,Ochai Agbaji
22025,1630534,22500165,2025-11-04,TOR vs. MIL,W,5,0,1,0.0,0,0,0.0,0,0,0.0,0,0,0,0,0,0,0,0,0,0,1,Ochai Agbaji
22025,1630534,22500184,2025-11-08,TOR @ PHI,L,15,0,1,0.0,0,1,0.0,0,0,0.0,0,2,2,0,0,0,0,2,0,-3,1,Ochai Agbaji
22025,1630534,22500050,2025-11-21,TOR vs. WAS,W,16,1,3,0.333,0,1,0.0,2,2,1.0,0,1,1,0,0,0,0,1,4,7,1,Ochai Agbaji
22025,1630534,22500279,2025-11-23,TOR vs. BKN,W,14,3,7,0.429,0,1,0.0,0,0,0.0,1,1,2,2,0,0,0,3,6,-3,1,Ochai Agbaji
22025,1630534,22500284,2025-11-24,TOR vs. CLE,W,11,2,3,0.667,0,1,0.0,0,0,0.0,0,0,0,0,0,0,0,0,4,-7,1,Ochai Agbaji
22025,1630534,22500063,2025-11-26,TOR vs. IND,W,5,0,2,0.0,0,1,0.0,0,0,0.0,0,0,0,0,0,0,1,2,0,-4,1,Ochai Agbaji
22025,1630534,22500294,2025-11-29,TOR @ CHA,L,16,1,5,0.2,0,1,0.0,0,0,0.0,0,1,1,1,0,1,0,2,2,4,1,Ochai Agbaji
22025,1630534,22500303,2025-11-30,TOR @ NYK,L,17,3,4,0.75,0,0,0.0,0,0,0.0,2,3,5,1,1,0,1,2,6,3,1,Ochai Agbaji
22025,1630534,22500319,2025-12-02,TOR vs. POR,W,12,1,5,0.2,0,2,0.0,0,0,0.0,1,1,2,2,1,0,0,1,2,-6,1,Ochai Agbaji
22025,1630534,22500358,2025-12-07,TOR vs. BOS,L,22,4,7,0.571,1,1,1.0,2,2,1.0,2,1,3,0,0,2,0,3,11,7,1,Ochai Agbaji
22025,1630534,22501202,2025-12-09,TOR vs. NYK,L,26,1,4,0.25,0,1,0.0,1,1,1.0,1,3,4,1,1,1,0,4,3,-7,1,Ochai Agbaji
22025,1630534,22501227,2025-12-15,TOR @ MIA,W,22,2,4,0.5,1,2,0.5,0,0,0.0,1,3,4,2,1,0,0,2,5,-7,1,Ochai Agbaji
22025,1630534,22500374,2025-12-18,TOR @ MIL,W,20,4,7,0.571,2,3,0.667,0,0,0.0,0,2,2,1,1,0,0,3,10,6,1,Ochai Agbaji
22025,1630534,22500388,2025-12-20,TOR vs. BOS,L,27,1,5,0.2,0,3,0.0,4,4,1.0,0,3,3,1,0,0,0,1,6,8,1,Ochai Agbaji
22025,1630534,22500397,2025-12-21,TOR @ BKN,L,21,3,6,0.5,1,2,0.5,0,0,0.0,1,0,1,0,1,0,1,4,7,-12,1,Ochai Agbaji
22025,1630534,22500414,2025-12-23,TOR @ MIA,W,21,2,6,0.333,1,3,0.333,0,0,0.0,1,4,5,1,0,1,1,1,5,12,1,Ochai Agbaji
22025,1630534,22500425,2025-12-26,TOR @ WAS,L,26,4,9,0.444,0,3,0.0,0,0,0.0,0,3,3,0,2,0,1,3,8,-10,1,Ochai Agbaji
22025,1630534,22500441,2025-12-28,TOR vs. GSW,W,20,4,6,0.667,0,1,0.0,2,2,1.0,3,1,4,1,0,0,0,5,10,-20,1,Ochai Agbaji
22025,1630534,22500451,2025-12-29,TOR vs. ORL,W,20,4,8,0.5,0,1,0.0,2,2,1.0,3,1,4,3,0,0,0,0,10,7,1,Ochai Agbaji
22025,1630534,22500468,2025-12-31,TOR vs. DEN,L,11,1,2,0.5,0,1,0.0,0,0,0.0,2,0,2,1,0,0,0,1,2,-5,1,Ochai Agbaji
22025,1630534,22500488,2026-01-03,TOR vs. ATL,W,4,0,0,0.0,0,0,0.0,0,0,0.0,0,0,0,0,1,0,0,1,0,-5,1,Ochai Agbaji
22025,1630534,22500504,2026-01-05,TOR vs. ATL,W,6,0,1,0.0,0,1,0.0,0,0,0.0,0,1,1,1,0,0,0,0,0,6,1,Ochai Agbaji
22025,1630534,22500516,2026-01-07,TOR @ CHA,W,12,1,3,0.333,0,0,0.0,0,0,0.0,3,1,4,0,0,0,2,1,2,-12,1,Ochai Agbaji
22025,1630534,22500550,2026-01-11,TOR vs. PHI,W,15,3,4,0.75,0,1,0.0,0,0,0.0,1,5,6,1,0,1,1,2,6,-2,1,Ochai Agbaji
22025,1630534,22500560,2026-01-12,TOR vs. PHI,L,2,0,1,0.0,0,1,0.0,0,0,0.0,0,1,1,0,0,0,0,0,0,4,1,Ochai Agbaji
22025,1630534,22500571,2026-01-14,TOR @ IND,W,24,3,7,0.429,2,5,0.4,2,2,1.0,0,1,1,0,0,2,1,4,10,12,1,Ochai Agbaji
22025,1630534,22500590,2026-01-16,TOR vs. LAC,L,36,4,9,0.444,3,7,0.429,4,4,1.0,1,2,3,1,1,0,1,3,15,1,1,Ochai Agbaji
22025,1630534,22500607,2026-01-18,TOR @ LAL,L,25,0,5,0.0,0,3,0.0,0,0,0.0,2,1,3,1,0,0,0,2,0,3,1,Ochai Agbaji
22025,1630534,22500618,2026-01-20,TOR @ GSW,W,12,2,6,0.333,0,3,0.0,0,0,0.0,0,0,0,0,0,0,3,3,4,3,1,Ochai Agbaji
22025,1630534,22500626,2026-01-21,TOR @ SAC,W,20,2,4,0.5,0,0,0.0,0,0,0.0,1,1,2,1,1,1,0,0,4,21,1,Ochai Agbaji
22025,1630534,22500642,2026-01-23,TOR @ POR,W,22,5,8,0.625,0,3,0.0,0,0,0.0,2,2,4,1,1,1,1,2,10,3,1,Ochai Agbaji
22025,1630534,22500653,2026-01-25,TOR @ OKC,W,15,2,2,1.0,0,0,0.0,1,2,0.5,3,0,3,1,0,0,1,2,5,-7,1,Ochai Agbaji
22025,1630534,22500675,2026-01-28,TOR vs. NYK,L,2,0,0,0.0,0,0,0.0,0,0,0.0,0,0,0,0,0,0,0,1,0,-10,1,Ochai Agbaji
22025,1630534,22500687,2026-01-30,TOR @ ORL,L,3,0,0,0.0,0,0,0.0,0,0,0.0,0,1,1,0,0,0,1,0,0,1,1,Ochai Agbaji
22025,1630534,22500706,2026-02-01,TOR vs. UTA,W,2,0,2,0.0,0,1,0.0,0,0,0.0,0,1,1,0,0,0,0,0,0,1,1,Ochai Agbaji
22025,1630534,22500779,2026-02-11,BKN vs. IND,L,16,0,3,0.0,0,0,0.0,0,0,0.0,3,3,6,2,0,1,0,0,0,-17,1,Ochai Agbaji
22025,1630534,22500793,2026-02-19,BKN @ CLE,L,28,5,8,0.625,3,6,0.5,0,0,0.0,0,3,3,3,0,1,0,2,13,-4,1,Ochai Agbaji
22025,1630534,22500808,2026-02-20,BKN @ OKC,L,11,1,6,0.167,1,3,0.333,1,2,0.5,0,1,1,0,0,0,2,0,4,-10,1,Ochai Agbaji
22025,1630534,22500818,2026-02-22,BKN @ ATL,L,14,2,4,0.5,2,3,0.667,0,0,0.0,0,1,1,1,0,1,1,1,6,1,1,Ochai Agbaji
22025,1630534,22500833,2026-02-24,BKN vs. DAL,L,17,3,5,0.6,3,4,0.75,0,0,0.0,1,2,3,2,1,0,0,1,9,-7,1,Ochai Agbaji
22025,1630534,22500851,2026-02-26,BKN vs. SAS,L,16,0,3,0.0,0,3,0.0,0,0,0.0,0,2,2,1,0,0,0,0,0,-13,1,Ochai Agbaji
22025,1630534,22500859,2026-02-27,BKN @ BOS,L,8,3,3,1.0,2,2,1.0,0,0,0.0,1,0,1,1,0,0,0,0,8,-1,1,Ochai Agbaji
22025,1630534,22500886,2026-03-03,BKN @ MIA,L,3,0,1,0.0,0,1,0.0,0,0,0.0,0,0,0,0,0,0,1,0,0,-1,1,Ochai Agbaji
22025,1630534,22500901,2026-03-05,BKN @ MIA,L,10,3,6,0.5,0,3,0.0,0,0,0.0,0,0,0,0,1,0,1,2,6,-16,1,Ochai Agbaji
22025,1630534,22500916,2026-03-07,BKN @ DET,W,21,3,5,0.6,0,1,0.0,0,0,0.0,1,3,4,0,0,2,1,1,6,-7,1,Ochai Agbaji
22025,1630534,22500932,2026-03-09,BKN vs. MEM,W,22,8,9,0.889,2,3,0.667,0,0,0.0,1,2,3,1,2,1,2,1,18,14,1,Ochai Agbaji
22025,1630534,22500985,2026-03-16,BKN vs. POR,L,25,3,6,0.5,1,4,0.25,1,2,0.5,1,3,4,1,2,0,1,2,8,1,1,Ochai Agbaji
22025,1630534,22501000,2026-03-18,BKN vs. OKC,L,20,3,9,0.333,2,6,0.333,2,2,1.0,0,2,2,0,0,0,2,2,10,-15,1,Ochai Agbaji
22025,1630534,22501016,2026-03-20,BKN vs. NYK,L,24,3,10,0.3,2,7,0.286,0,0,0.0,1,3,4,1,0,0,0,0,8,13,1,Ochai Agbaji
22025,1630534,22501033,2026-03-22,BKN @ SAC,L,9,1,1,1.0,0,0,0.0,1,1,1.0,1,0,1,1,0,0,0,1,3,-6,1,Ochai Agbaji
22025,1630534,22501045,2026-03-23,BKN @ POR,L,6,0,1,0.0,0,1,0.0,0,1,0.0,0,0,0,0,0,0,1,0,0,-15,1,Ochai Agbaji
22025,1630534,22501075,2026-03-27,BKN @ LAL,L,21,1,6,0.167,0,4,0.0,0,0,0.0,2,3,5,1,0,0,0,2,2,-1,1,Ochai Agbaji
22025,1630534,22501084,2026-03-29,BKN vs. SAC,W,25,6,11,0.545,2,6,0.333,4,4,1.0,0,1,1,0,0,0,0,1,18,20,1,Ochai Agbaji
22025,1630534,22501100,2026-03-31,BKN vs. CHA,L,9,0,2,0.0,0,2,0.0,2,2,1.0,0,1,1,0,0,0,0,1,2,-4,1,Ochai Agbaji
22025,1630534,22501133,2026-04-05,BKN vs. WAS,W,18,5,11,0.455,2,4,0.5,0,0,0.0,1,3,4,2,1,0,0,1,12,-2,1,Ochai Agbaji
22025,1630583,22500085,2025-10-22,MEM vs. NOP,W,24,2,7,0.286,0,3,0.0,1,3,0.333,1,5,6,2,1,2,2,5,5,9,1,Santi Aldama
22025,1630583,22500094,2025-10-24,MEM vs. MIA,L,20,6,9,0.667,1,2,0.5,0,1,0.0,3,5,8,0,1,0,1,0,13,-12,1,Santi Aldama
22025,1630583,22500103,2025-10-25,MEM vs. IND,W,21,4,9,0.444,1,3,0.333,0,0,0.0,3,5,8,1,0,2,0,1,9,13,1,Santi Aldama
22025,1630583,22500121,2025-10-27,MEM @ GSW,L,22,6,13,0.462,2,6,0.333,0,2,0.0,1,5,6,4,3,0,2,1,14,2,1,Santi Aldama
22025,1630583,22500137,2025-10-29,MEM @ PHX,W,31,6,12,0.5,2,5,0.4,0,0,0.0,2,8,10,5,3,0,1,1,14,8,1,Santi Aldama
22025,1630583,22500024,2025-10-31,MEM vs. LAL,L,26,3,12,0.25,1,5,0.2,0,0,0.0,4,6,10,4,1,0,2,2,7,-9,1,Santi Aldama
22025,1630583,22500152,2025-11-02,MEM @ TOR,L,28,5,14,0.357,2,7,0.286,3,4,0.75,1,3,4,2,0,0,0,1,15,-6,1,Santi Aldama
22025,1630583,22500161,2025-11-03,MEM vs. DET,L,23,5,9,0.556,1,3,0.333,0,0,0.0,2,3,5,1,0,0,3,1,11,-14,1,Santi Aldama
22025,1630583,22500176,2025-11-05,MEM vs. HOU,L,26,5,12,0.417,1,5,0.2,5,6,0.833,1,3,4,1,2,1,0,0,16,-7,1,Santi Aldama
22025,1630583,22500034,2025-11-07,MEM vs. DAL,W,28,5,12,0.417,3,7,0.429,3,4,0.75,0,2,2,2,0,0,2,2,16,-7,1,Santi Aldama
22025,1630583,22500194,2025-11-09,MEM vs. OKC,L,30,5,10,0.5,1,4,0.25,1,1,1.0,1,8,9,4,1,2,4,3,12,-12,1,Santi Aldama
22025,1630583,22500208,2025-11-11,MEM @ NYK,L,30,8,10,0.8,1,3,0.333,2,4,0.5,0,7,7,3,0,0,0,2,19,-11,1,Santi Aldama
22025,1630583,22500216,2025-11-12,MEM @ BOS,L,24,4,11,0.364,2,7,0.286,4,6,0.667,2,4,6,4,2,1,1,0,14,4,1,Santi Aldama
22025,1630583,22500228,2025-11-15,MEM @ CLE,L,25,5,9,0.556,2,4,0.5,0,2,0.0,1,10,11,2,1,0,0,3,12,-13,1,Santi Aldama
22025,1630583,22500252,2025-11-18,MEM @ SAS,L,26,4,10,0.4,0,2,0.0,2,2,1.0,2,4,6,2,1,1,1,0,10,-2,1,Santi Aldama
22025,1630583,22500265,2025-11-20,MEM vs. SAC,W,28,11,18,0.611,5,11,0.455,2,3,0.667,0,5,5,3,0,2,1,0,29,28,1,Santi Aldama
22025,1630583,22500273,2025-11-22,MEM @ DAL,W,35,9,17,0.529,2,5,0.4,0,0,0.0,2,6,8,4,1,1,0,1,20,10,1,Santi Aldama
22025,1630583,22500287,2025-11-24,MEM vs. DEN,L,33,5,16,0.313,0,5,0.0,2,2,1.0,3,3,6,6,2,2,1,1,12,2,1,Santi Aldama
22025,1630583,22500065,2025-11-26,MEM @ NOP,W,24,5,9,0.556,2,3,0.667,2,2,1.0,0,5,5,4,0,1,0,0,14,-21,1,Santi Aldama
22025,1630583,22500079,2025-11-28,MEM @ LAC,W,22,4,7,0.571,2,2,1.0,3,4,0.75,1,6,7,5,0,0,0,1,13,5,1,Santi Aldama
22025,1630583,22500307,2025-11-30,MEM @ SAC,W,22,2,5,0.4,0,1,0.0,3,3,1.0,1,5,6,4,1,1,2,1,7,-20,1,Santi Aldama
22025,1630583,22500322,2025-12-02,MEM @ SAS,L,24,1,5,0.2,0,1,0.0,2,2,1.0,1,2,3,5,0,1,0,3,4,-18,1,Santi Aldama
22025,1630583,22500347,2025-12-05,MEM vs. LAC,W,25,3,9,0.333,0,3,0.0,1,2,0.5,0,6,6,4,1,0,3,2,7,7,1,Santi Aldama
22025,1630583,22500360,2025-12-07,MEM vs. POR,W,28,7,11,0.636,3,6,0.5,5,7,0.714,1,6,7,1,2,0,0,1,22,34,1,Santi Aldama
22025,1630583,22501213,2025-12-12,MEM vs. UTA,L,36,8,15,0.533,4,8,0.5,2,4,0.5,1,6,7,2,1,1,0,3,22,-2,1,Santi Aldama
22025,1630583,22501226,2025-12-15,MEM @ LAC,W,31,1,5,0.2,0,4,0.0,1,2,0.5,1,1,2,2,1,0,1,1,3,6,1,Santi Aldama
22025,1630583,22500368,2025-12-17,MEM @ MIN,W,34,4,8,0.5,0,2,0.0,0,0,0.0,3,8,11,3,0,0,3,4,8,-5,1,Santi Aldama
22025,1630583,22500391,2025-12-20,MEM vs. WAS,L,36,15,23,0.652,5,9,0.556,2,3,0.667,6,4,10,2,1,1,2,2,37,-1,1,Santi Aldama
22025,1630583,22500406,2025-12-22,MEM @ OKC,L,25,4,13,0.308,1,5,0.2,0,0,0.0,1,6,7,1,0,0,2,1,9,-13,1,Santi Aldama
22025,1630583,22500419,2025-12-23,MEM @ UTA,W,34,13,21,0.619,7,13,0.538,4,7,0.571,1,4,5,7,1,0,3,3,37,5,1,Santi Aldama
22025,1630583,22500428,2025-12-26,MEM vs. MIL,W,30,4,10,0.4,1,5,0.2,3,3,1.0,1,6,7,3,0,1,1,0,12,3,1,Santi Aldama
22025,1630583,22500443,2025-12-28,MEM @ WAS,L,35,5,14,0.357,1,4,0.25,3,4,0.75,2,8,10,3,5,0,3,2,14,-12,1,Santi Aldama
22025,1630583,22500458,2025-12-30,MEM vs. PHI,L,36,6,11,0.545,3,6,0.5,0,0,0.0,0,6,6,2,0,4,4,3,15,-10,1,Santi Aldama
22025,1630583,22500485,2026-01-02,MEM @ LAL,L,30,5,12,0.417,3,9,0.333,2,2,1.0,1,6,7,3,1,0,0,0,15,6,1,Santi Aldama
22025,1630583,22500501,2026-01-04,MEM @ LAL,L,31,4,13,0.308,0,4,0.0,4,6,0.667,4,6,10,7,1,0,1,4,12,3,1,Santi Aldama
22025,1630583,22500512,2026-01-06,MEM vs. SAS,W,24,3,10,0.3,1,6,0.167,3,3,1.0,3,6,9,2,0,2,4,1,10,-23,1,Santi Aldama
22025,1630583,22500524,2026-01-07,MEM vs. PHX,L,22,3,8,0.375,0,3,0.0,1,2,0.5,1,2,3,0,0,0,0,1,7,-18,1,Santi Aldama
22025,1630583,22500536,2026-01-09,MEM vs. OKC,L,29,6,9,0.667,2,4,0.5,1,2,0.5,1,6,7,7,0,0,1,1,15,4,1,Santi Aldama
22025,1630583,22500549,2026-01-11,MEM vs. BKN,W,33,7,10,0.7,1,2,0.5,0,0,0.0,2,6,8,3,1,3,1,3,15,8,1,Santi Aldama
22025,1630583,22500578,2026-01-15,MEM @ ORL,L,30,6,11,0.545,4,4,1.0,2,3,0.667,2,3,5,1,1,0,1,3,18,-1,1,Santi Aldama
22025,1630583,22500602,2026-01-18,MEM vs. ORL,W,25,3,5,0.6,0,1,0.0,3,6,0.5,0,5,5,3,0,0,0,1,9,23,1,Santi Aldama
22025,1630583,22500662,2026-01-26,MEM @ HOU,L,27,7,12,0.583,1,2,0.5,2,3,0.667,3,4,7,2,0,0,1,1,17,-5,1,Santi Aldama
22025,1630583,22500731,2026-02-04,MEM @ SAC,W,24,4,10,0.4,2,6,0.333,2,4,0.5,1,5,6,0,1,2,1,3,12,14,1,Santi Aldama
22025,1630631,22500095,2025-10-24,NOP vs. SAS,L,3,0,0,0.0,0,0,0.0,0,0,0.0,0,0,0,0,0,0,0,0,0,-2,1,Jose Alvarado
22025,1630631,22500117,2025-10-27,NOP vs. BOS,L,22,2,6,0.333,1,4,0.25,0,0,0.0,1,2,3,2,2,0,1,0,5,-3,1,Jose Alvarado
22025,1630631,22500134,2025-10-29,NOP @ DEN,L,14,1,5,0.2,1,4,0.25,0,0,0.0,0,2,2,1,1,0,1,1,3,-25,1,Jose Alvarado
22025,1630631,22500027,2025-10-31,NOP @ LAC,L,16,1,3,0.333,1,3,0.333,1,2,0.5,0,2,2,1,1,0,0,2,4,-3,1,Jose Alvarado
22025,1630631,22500148,2025-11-02,NOP @ OKC,L,18,1,3,0.333,1,2,0.5,0,0,0.0,0,2,2,2,1,0,0,2,3,-12,1,Jose Alvarado
22025,1630631,22500168,2025-11-04,NOP vs. CHA,W,31,7,11,0.636,4,7,0.571,0,0,0.0,1,2,3,6,2,0,1,1,18,21,1,Jose Alvarado
22025,1630631,22500177,2025-11-05,NOP @ DAL,W,23,4,8,0.5,3,5,0.6,2,2,1.0,1,7,8,2,0,0,1,1,13,12,1,Jose Alvarado
22025,1630631,22500188,2025-11-08,NOP @ SAS,L,17,2,3,0.667,2,2,1.0,2,2,1.0,0,2,2,5,0,0,0,2,8,-6,1,Jose Alvarado
22025,1630631,22500204,2025-11-10,NOP @ PHX,L,23,2,6,0.333,1,3,0.333,3,4,0.75,0,3,3,4,2,0,1,3,8,-11,1,Jose Alvarado
22025,1630631,22500219,2025-11-12,NOP vs. POR,L,22,2,7,0.286,1,5,0.2,0,0,0.0,1,0,1,3,1,0,3,2,5,-5,1,Jose Alvarado
22025,1630631,22500045,2025-11-14,NOP vs. LAL,L,21,3,8,0.375,2,4,0.5,0,0,0.0,1,1,2,2,1,0,1,3,8,7,1,Jose Alvarado
22025,1630631,22500237,2025-11-16,NOP vs. GSW,L,25,6,12,0.5,3,8,0.375,3,3,1.0,0,1,1,3,0,0,4,0,18,-1,1,Jose Alvarado
22025,1630631,22500247,2025-11-17,NOP vs. OKC,L,23,3,9,0.333,0,4,0.0,0,0,0.0,1,1,2,1,2,0,1,4,6,-5,1,Jose Alvarado
22025,1630631,22500260,2025-11-19,NOP vs. DEN,L,19,1,6,0.167,0,4,0.0,0,0,0.0,1,3,4,2,1,0,0,0,2,-13,1,Jose Alvarado
22025,1630631,22500052,2025-11-21,NOP @ DAL,L,20,2,5,0.4,1,4,0.25,0,0,0.0,0,5,5,6,0,0,2,2,5,2,1,Jose Alvarado
22025,1630631,22500270,2025-11-22,NOP vs. ATL,L,17,3,5,0.6,2,3,0.667,0,0,0.0,0,1,1,1,0,0,2,1,8,-12,1,Jose Alvarado
22025,1630631,22500289,2025-11-24,NOP vs. CHI,W,32,7,16,0.438,2,9,0.222,0,0,0.0,1,7,8,8,2,0,2,2,16,14,1,Jose Alvarado
22025,1630631,22500065,2025-11-26,NOP vs. MEM,L,27,9,15,0.6,6,11,0.545,0,0,0.0,1,4,5,2,2,0,1,5,24,23,1,Jose Alvarado
22025,1630631,22500298,2025-11-29,NOP @ GSW,L,31,1,10,0.1,1,7,0.143,4,4,1.0,1,2,3,4,0,1,2,5,7,-11,1,Jose Alvarado
22025,1630631,22500308,2025-11-30,NOP @ LAL,L,28,5,12,0.417,2,8,0.25,0,0,0.0,0,0,0,2,0,0,0,4,12,-5,1,Jose Alvarado
22025,1630631,22500321,2025-12-02,NOP vs. MIN,L,25,5,8,0.625,4,4,1.0,0,0,0.0,0,3,3,3,1,0,2,3,14,-12,1,Jose Alvarado
22025,1630631,22500337,2025-12-04,NOP vs. MIN,L,22,5,8,0.625,3,5,0.6,0,0,0.0,0,3,3,1,2,0,2,3,13,-16,1,Jose Alvarado
22025,1630631,22500350,2025-12-06,NOP @ BKN,L,30,4,6,0.667,1,3,0.333,0,1,0.0,0,2,2,6,4,0,4,2,9,8,1,Jose Alvarado
22025,1630631,22500366,2025-12-08,NOP vs. SAS,L,31,4,7,0.571,2,5,0.4,0,0,0.0,0,3,3,6,1,1,1,3,10,-8,1,Jose Alvarado
22025,1630631,22501207,2025-12-11,NOP vs. POR,W,23,2,8,0.25,0,3,0.0,0,0,0.0,1,4,5,9,0,1,2,0,4,12,1,Jose Alvarado
22025,1630631,22501223,2025-12-14,NOP @ CHI,W,18,1,3,0.333,1,3,0.333,0,0,0.0,0,2,2,2,1,1,0,0,3,-6,1,Jose Alvarado
22025,1630631,22500375,2025-12-18,NOP vs. HOU,W,30,2,5,0.4,1,3,0.333,2,3,0.667,1,2,3,6,1,0,0,3,7,3,1,Jose Alvarado
22025,1630631,22500389,2025-12-20,NOP vs. IND,W,22,1,5,0.2,1,4,0.25,0,0,0.0,0,1,1,1,1,0,2,4,3,11,1,Jose Alvarado
22025,1630631,22500404,2025-12-22,NOP vs. DAL,W,16,2,4,0.5,2,4,0.5,0,0,0.0,1,1,2,3,1,0,1,0,6,-3,1,Jose Alvarado
22025,1630631,22500412,2025-12-23,NOP @ CLE,L,25,2,4,0.5,2,3,0.667,0,0,0.0,0,2,2,2,1,0,2,3,6,-18,1,Jose Alvarado
22025,1630631,22500429,2025-12-26,NOP vs. PHX,L,25,4,7,0.571,1,4,0.25,2,2,1.0,0,2,2,2,0,0,0,3,11,15,1,Jose Alvarado
22025,1630631,22500434,2025-12-27,NOP vs. PHX,L,14,3,7,0.429,1,3,0.333,0,0,0.0,0,0,0,3,2,0,0,3,7,3,1,Jose Alvarado
22025,1630631,22500482,2026-01-02,NOP vs. POR,L,21,0,3,0.0,0,3,0.0,0,0,0.0,0,3,3,4,0,0,2,2,0,-13,1,Jose Alvarado
22025,1630631,22500497,2026-01-04,NOP @ MIA,L,20,2,7,0.286,2,6,0.333,0,0,0.0,0,6,6,3,1,0,3,1,6,4,1,Jose Alvarado
22025,1630631,22500514,2026-01-06,NOP vs. LAL,L,23,2,6,0.333,1,5,0.2,0,0,0.0,0,4,4,6,1,0,1,2,5,7,1,Jose Alvarado
22025,1630631,22500654,2026-01-25,NOP @ SAS,W,13,2,5,0.4,2,5,0.4,0,0,0.0,0,5,5,1,0,0,0,1,6,-12,1,Jose Alvarado
22025,1630631,22500667,2026-01-27,NOP @ OKC,L,20,3,7,0.429,2,6,0.333,0,0,0.0,2,1,3,4,0,0,2,1,8,-10,1,Jose Alvarado
22025,1630631,22500691,2026-01-30,NOP vs. MEM,W,23,4,10,0.4,3,8,0.375,0,0,0.0,0,1,1,2,1,0,0,1,11,5,1,Jose Alvarado
22025,1630631,22500699,2026-01-31,NOP @ PHI,L,18,3,8,0.375,3,8,0.375,1,1,1.0,0,2,2,3,1,0,0,2,10,-10,1,Jose Alvarado
22025,1630631,22500712,2026-02-02,NOP @ CHA,L,30,1,7,0.143,1,6,0.167,0,0,0.0,0,0,0,3,0,0,0,3,3,2,1,Jose Alvarado
22025,1630631,22500729,2026-02-04,NOP @ MIL,L,17,3,5,0.6,3,5,0.6,0,0,0.0,1,4,5,1,0,0,0,0,9,-11,1,Jose Alvarado
22025,1630631,22500757,2026-02-08,NYK @ BOS,W,25,5,12,0.417,2,6,0.333,0,0,0.0,0,2,2,2,2,1,1,2,12,13,1,Jose Alvarado
22025,1630631,22500771,2026-02-10,NYK vs. IND,L,18,1,5,0.2,0,3,0.0,2,3,0.667,0,1,1,5,0,0,1,4,4,-6,1,Jose Alvarado
22025,1630631,22500780,2026-02-11,NYK @ PHI,W,19,8,13,0.615,8,13,0.615,2,3,0.667,0,3,3,4,5,0,2,3,26,35,1,Jose Alvarado
22025,1630631,22500796,2026-02-19,NYK vs. DET,L,21,3,8,0.375,0,5,0.0,0,0,0.0,2,2,4,5,1,0,2,3,6,-12,1,Jose Alvarado
22025,1630631,22500816,2026-02-21,NYK vs. HOU,W,20,3,9,0.333,2,5,0.4,0,0,0.0,0,1,1,4,5,0,0,1,8,19,1,Jose Alvarado
22025,1630631,22500825,2026-02-22,NYK @ CHI,W,25,2,8,0.25,1,6,0.167,0,0,0.0,0,4,4,2,0,0,0,1,5,-9,1,Jose Alvarado
22025,1630631,22500835,2026-02-24,NYK @ CLE,L,22,2,5,0.4,1,4,0.25,0,0,0.0,0,4,4,3,1,1,1,2,5,0,1,Jose Alvarado
22025,1630631,22500860,2026-02-27,NYK @ MIL,W,13,3,5,0.6,1,3,0.333,0,0,0.0,1,3,4,5,0,0,1,0,7,14,1,Jose Alvarado
22025,1630631,22500868,2026-03-01,NYK vs. SAS,W,17,1,4,0.25,0,2,0.0,1,2,0.5,1,2,3,5,1,0,0,1,3,20,1,Jose Alvarado
22025,1630631,22500887,2026-03-03,NYK @ TOR,W,17,2,4,0.5,0,2,0.0,0,0,0.0,0,1,1,5,1,0,1,1,4,19,1,Jose Alvarado
22025,1630631,22500893,2026-03-04,NYK vs. OKC,L,12,1,4,0.25,0,2,0.0,1,2,0.5,0,0,0,2,0,0,1,2,3,-8,1,Jose Alvarado
22025,1630631,22500911,2026-03-06,NYK @ DEN,W,11,1,3,0.333,0,1,0.0,2,2,1.0,0,1,1,3,0,0,0,1,4,13,1,Jose Alvarado
22025,1630631,22500922,2026-03-08,NYK @ LAL,L,7,0,2,0.0,0,1,0.0,0,0,0.0,0,0,0,1,0,0,1,0,0,-6,1,Jose Alvarado
22025,1630631,22500935,2026-03-09,NYK @ LAC,L,8,0,4,0.0,0,2,0.0,0,0,0.0,0,1,1,3,0,0,0,1,0,-8,1,Jose Alvarado
22025,1630631,22500949,2026-03-11,NYK @ UTA,W,15,2,3,0.667,0,1,0.0,0,0,0.0,1,1,2,7,2,0,2,4,4,28,1,Jose Alvarado
22025,1630631,22500962,2026-03-13,NYK @ IND,W,13,0,0,0.0,0,0,0.0,0,0,0.0,0,0,0,2,0,0,1,2,0,-2,1,Jose Alvarado
22025,1630631,22500981,2026-03-15,NYK vs. GSW,W,15,2,3,0.667,0,0,0.0,0,0,0.0,0,1,1,4,0,0,0,1,4,-13,1,Jose Alvarado
22025,1630631,22500994,2026-03-17,NYK vs. IND,W,27,5,10,0.5,4,7,0.571,2,2,1.0,0,2,2,10,2,0,1,0,16,21,1,Jose Alvarado
22025,1630631,22501016,2026-03-20,NYK @ BKN,W,13,1,5,0.2,0,2,0.0,0,0,0.0,0,1,1,2,1,0,2,2,2,-11,1,Jose Alvarado
22025,1630631,22501034,2026-03-22,NYK vs. WAS,W,16,3,7,0.429,2,4,0.5,0,0,0.0,0,2,2,8,1,0,0,1,8,2,1,Jose Alvarado
22025,1630631,22501048,2026-03-24,NYK vs. NOP,W,9,0,0,0.0,0,0,0.0,0,0,0.0,1,0,1,1,0,0,1,2,0,-11,1,Jose Alvarado
22025,1630631,22501063,2026-03-26,NYK @ CHA,L,5,0,2,0.0,0,0,0.0,0,0,0.0,0,0,0,0,0,0,2,1,0,-4,1,Jose Alvarado
22025,1630631,22501089,2026-03-29,NYK @ OKC,L,17,3,10,0.3,2,4,0.5,0,0,0.0,1,2,3,4,0,0,4,3,8,6,1,Jose Alvarado
22025,1630631,22501102,2026-03-31,NYK @ HOU,L,12,5,6,0.833,2,2,1.0,0,0,0.0,0,1,1,2,0,0,0,2,12,9,1,Jose Alvarado
22025,1630631,22501003,2026-04-01,NYK @ MEM,W,32,6,12,0.5,1,5,0.2,2,2,1.0,1,3,4,4,2,1,3,4,15,0,1,Jose Alvarado
22025,1630631,22501123,2026-04-03,NYK vs. CHI,W,12,1,3,0.333,0,2,0.0,0,0,0.0,0,1,1,4,3,0,1,2,2,4,1,Jose Alvarado
22025,1630631,22501176,2026-04-10,NYK vs. TOR,W,18,4,6,0.667,1,3,0.333,3,6,0.5,0,5,5,2,0,0,1,1,12,14,1,Jose Alvarado
22025,1630631,22501190,2026-04-12,NYK vs. CHA,L,34,6,16,0.375,4,9,0.444,0,0,0.0,2,3,5,7,2,1,1,2,16,-19,1,Jose Alvarado
22025,1641725,22500308,2025-11-30,NOP @ LAL,L,21,3,4,0.75,1,1,1.0,0,0,0.0,0,2,2,3,0,1,1,2,7,-2,1,Trey Alexander
22025,1641725,22500321,2025-12-02,NOP vs. MIN,L,12,3,3,1.0,1,1,1.0,0,0,0.0,0,2,2,1,1,0,0,1,7,8,1,Trey Alexander
22025,1641725,22500337,2025-12-04,NOP vs. MIN,L,5,0,2,0.0,0,1,0.0,0,0,0.0,0,0,0,0,0,0,0,1,0,-2,1,Trey Alexander
22025,1641725,22500497,2026-01-04,NOP @ MIA,L,2,0,0,0.0,0,0,0.0,0,0,0.0,0,0,0,1,0,0,0,0,0,-3,1,Trey Alexander
22025,1641725,22500534,2026-01-09,NOP @ WAS,W,2,0,0,0.0,0,0,0.0,0,0,0.0,0,0,0,0,0,0,0,0,0,-1,1,Trey Alexander
22025,1641725,22501138,2026-04-05,NOP vs. ORL,L,11,2,4,0.5,1,1,1.0,0,0,0.0,0,2,2,0,1,0,1,2,5,-4,1,Trey Alexander
22025,1641725,22501153,2026-04-07,NOP vs. UTA,W,11,0,3,0.0,0,0,0.0,2,2,1.0,0,2,2,2,1,0,0,1,2,-12,1,Trey Alexander
22025,1641725,22501174,2026-04-10,NOP @ BOS,L,15,4,10,0.4,2,4,0.5,0,0,0.0,0,2,2,1,0,0,0,3,10,2,1,Trey Alexander
22025,1641725,22501195,2026-04-12,NOP @ MIN,L,32,7,11,0.636,1,4,0.25,1,3,0.333,1,0,1,1,3,1,1,3,16,-4,1,Trey Alexander
